index, 0000000001, temp, 49.500, firstframe, 007.808, 16frames_time, 096.291, imgproc_time, 169.825, 
index, 0000000002, temp, 49.500, firstframe, 003.904, 16frames_time, 098.112, imgproc_time, 122.975, 
index, 0000000003, temp, 49.500, firstframe, 005.854, 16frames_time, 100.972, imgproc_time, 122.975, 
index, 0000000004, temp, 49.500, firstframe, 006.024, 16frames_time, 096.845, imgproc_time, 123.951, 
index, 0000000005, temp, 49.500, firstframe, 004.881, 16frames_time, 099.216, imgproc_time, 127.856, 
index, 0000000006, temp, 49.500, firstframe, 007.720, 16frames_time, 101.848, imgproc_time, 122.873, 
index, 0000000007, temp, 49.500, firstframe, 003.011, 16frames_time, 097.391, imgproc_time, 120.045, 
index, 0000000008, temp, 49.500, firstframe, 004.889, 16frames_time, 099.510, imgproc_time, 108.233, 
index, 0000000009, temp, 49.500, firstframe, 001.861, 16frames_time, 095.371, imgproc_time, 103.456, 
index, 0000000010, temp, 49.500, firstframe, 002.930, 16frames_time, 097.081, imgproc_time, 102.482, 
index, 0000000011, temp, 49.500, firstframe, 004.883, 16frames_time, 100.173, imgproc_time, 098.612, 
index, 0000000012, temp, 49.500, firstframe, 001.927, 16frames_time, 095.947, imgproc_time, 101.507, 
index, 0000000013, temp, 49.500, firstframe, 003.875, 16frames_time, 097.119, imgproc_time, 099.552, 
index, 0000000014, temp, 49.500, firstframe, 005.894, 16frames_time, 100.838, imgproc_time, 100.533, 
index, 0000000015, temp, 49.500, firstframe, 001.953, 16frames_time, 096.498, imgproc_time, 101.507, 
index, 0000000016, temp, 49.500, firstframe, 003.873, 16frames_time, 097.314, imgproc_time, 099.526, 
index, 0000000017, temp, 49.500, firstframe, 007.320, 16frames_time, 101.548, imgproc_time, 097.603, 
index, 0000000018, temp, 49.500, firstframe, 002.899, 16frames_time, 097.568, imgproc_time, 099.559, 
index, 0000000019, temp, 49.500, firstframe, 005.062, 16frames_time, 100.945, imgproc_time, 102.552, 
index, 0000000020, temp, 49.500, firstframe, 001.980, 16frames_time, 095.396, imgproc_time, 096.686, 
index, 0000000021, temp, 49.500, firstframe, 002.858, 16frames_time, 098.682, imgproc_time, 096.624, 
index, 0000000022, temp, 49.500, firstframe, 006.236, 16frames_time, 101.521, imgproc_time, 097.634, 
index, 0000000023, temp, 49.500, firstframe, 002.989, 16frames_time, 096.686, imgproc_time, 095.647, 
index, 0000000024, temp, 49.500, firstframe, 003.870, 16frames_time, 098.678, imgproc_time, 094.672, 
index, 0000000025, temp, 49.500, firstframe, 007.184, 16frames_time, 101.554, imgproc_time, 097.600, 
index, 0000000026, temp, 49.500, firstframe, 002.838, 16frames_time, 097.438, imgproc_time, 096.624, 
index, 0000000027, temp, 49.500, firstframe, 005.061, 16frames_time, 099.226, imgproc_time, 096.655, 
index, 0000000028, temp, 49.500, firstframe, 006.975, 16frames_time, 101.169, imgproc_time, 097.601, 
index, 0000000029, temp, 49.500, firstframe, 002.932, 16frames_time, 097.988, imgproc_time, 098.577, 
index, 0000000030, temp, 49.500, firstframe, 004.832, 16frames_time, 100.264, imgproc_time, 097.624, 
index, 0000000031, temp, 49.500, firstframe, 002.976, 16frames_time, 096.032, imgproc_time, 097.599, 
index, 0000000032, temp, 49.500, firstframe, 002.963, 16frames_time, 097.824, imgproc_time, 098.578, 
index, 0000000033, temp, 49.500, firstframe, 006.046, 16frames_time, 100.175, imgproc_time, 097.600, 
index, 0000000034, temp, 49.500, firstframe, 000.975, 16frames_time, 096.147, imgproc_time, 094.704, 
index, 0000000035, temp, 49.500, firstframe, 002.953, 16frames_time, 097.964, imgproc_time, 099.582, 
index, 0000000036, temp, 49.500, firstframe, 006.145, 16frames_time, 100.121, imgproc_time, 097.613, 
index, 0000000037, temp, 49.500, firstframe, 001.955, 16frames_time, 096.321, imgproc_time, 093.700, 
index, 0000000038, temp, 49.500, firstframe, 004.037, 16frames_time, 098.533, imgproc_time, 097.605, 
index, 0000000039, temp, 49.500, firstframe, 006.285, 16frames_time, 100.762, imgproc_time, 097.616, 
index, 0000000040, temp, 49.500, firstframe, 001.973, 16frames_time, 096.436, imgproc_time, 096.626, 
index, 0000000041, temp, 49.500, firstframe, 004.263, 16frames_time, 099.021, imgproc_time, 095.677, 
index, 0000000042, temp, 49.500, firstframe, 006.740, 16frames_time, 101.875, imgproc_time, 094.709, 
index, 0000000043, temp, 49.500, firstframe, 002.840, 16frames_time, 097.528, imgproc_time, 097.638, 
index, 0000000044, temp, 49.500, firstframe, 005.254, 16frames_time, 099.852, imgproc_time, 097.631, 
index, 0000000045, temp, 49.500, firstframe, 002.928, 16frames_time, 096.022, imgproc_time, 097.628, 
index, 0000000046, temp, 49.500, firstframe, 002.935, 16frames_time, 097.284, imgproc_time, 095.648, 
index, 0000000047, temp, 49.500, firstframe, 004.920, 16frames_time, 100.086, imgproc_time, 095.647, 
index, 0000000048, temp, 49.500, firstframe, 006.834, 16frames_time, 101.484, imgproc_time, 097.599, 
index, 0000000049, temp, 49.500, firstframe, 005.828, 16frames_time, 096.868, imgproc_time, 100.532, 
index, 0000000050, temp, 49.500, firstframe, 003.905, 16frames_time, 098.450, imgproc_time, 097.602, 
index, 0000000051, temp, 49.500, firstframe, 004.881, 16frames_time, 100.461, imgproc_time, 097.599, 
index, 0000000052, temp, 49.500, firstframe, 001.864, 16frames_time, 095.831, imgproc_time, 095.696, 
index, 0000000053, temp, 49.500, firstframe, 003.987, 16frames_time, 098.675, imgproc_time, 096.625, 
index, 0000000054, temp, 49.500, firstframe, 005.936, 16frames_time, 099.113, imgproc_time, 095.647, 
index, 0000000055, temp, 49.500, firstframe, 001.948, 16frames_time, 095.896, imgproc_time, 095.678, 
index, 0000000056, temp, 49.500, firstframe, 003.920, 16frames_time, 097.873, imgproc_time, 094.673, 
index, 0000000057, temp, 49.500, firstframe, 005.858, 16frames_time, 100.799, imgproc_time, 096.640, 
index, 0000000058, temp, 49.500, firstframe, 002.928, 16frames_time, 096.487, imgproc_time, 094.673, 
index, 0000000059, temp, 49.500, firstframe, 004.880, 16frames_time, 099.844, imgproc_time, 098.605, 
index, 0000000060, temp, 49.500, firstframe, 001.978, 16frames_time, 095.818, imgproc_time, 094.675, 
index, 0000000061, temp, 49.500, firstframe, 002.900, 16frames_time, 097.729, imgproc_time, 095.648, 
index, 0000000062, temp, 49.500, firstframe, 005.133, 16frames_time, 100.223, imgproc_time, 096.634, 
index, 0000000063, temp, 49.500, firstframe, 002.917, 16frames_time, 095.936, imgproc_time, 095.651, 
index, 0000000064, temp, 49.500, firstframe, 004.234, 16frames_time, 099.030, imgproc_time, 094.672, 
index, 0000000065, temp, 49.500, firstframe, 006.222, 16frames_time, 101.370, imgproc_time, 096.623, 
index, 0000000066, temp, 49.500, firstframe, 001.955, 16frames_time, 096.899, imgproc_time, 097.599, 
index, 0000000067, temp, 49.500, firstframe, 004.130, 16frames_time, 099.298, imgproc_time, 097.599, 
index, 0000000068, temp, 49.500, firstframe, 005.893, 16frames_time, 101.060, imgproc_time, 096.623, 
index, 0000000069, temp, 49.500, firstframe, 002.929, 16frames_time, 097.201, imgproc_time, 095.680, 
index, 0000000070, temp, 49.500, firstframe, 005.184, 16frames_time, 099.515, imgproc_time, 096.622, 
index, 0000000071, temp, 49.500, firstframe, 001.864, 16frames_time, 096.274, imgproc_time, 097.607, 
index, 0000000072, temp, 49.500, firstframe, 004.207, 16frames_time, 097.136, imgproc_time, 098.566, 
index, 0000000073, temp, 49.500, firstframe, 004.883, 16frames_time, 099.397, imgproc_time, 097.638, 
index, 0000000074, temp, 49.500, firstframe, 001.952, 16frames_time, 096.307, imgproc_time, 094.710, 
index, 0000000075, temp, 49.500, firstframe, 003.940, 16frames_time, 098.706, imgproc_time, 095.684, 
index, 0000000076, temp, 49.500, firstframe, 005.920, 16frames_time, 101.045, imgproc_time, 093.696, 
index, 0000000077, temp, 49.500, firstframe, 001.993, 16frames_time, 096.974, imgproc_time, 095.673, 
index, 0000000078, temp, 49.500, firstframe, 004.791, 16frames_time, 100.235, imgproc_time, 095.650, 
index, 0000000079, temp, 49.500, firstframe, 007.187, 16frames_time, 101.368, imgproc_time, 099.552, 
index, 0000000080, temp, 49.500, firstframe, 001.954, 16frames_time, 097.229, imgproc_time, 095.648, 
index, 0000000081, temp, 49.500, firstframe, 003.919, 16frames_time, 097.783, imgproc_time, 096.633, 
index, 0000000082, temp, 49.500, firstframe, 005.855, 16frames_time, 100.760, imgproc_time, 096.641, 
index, 0000000083, temp, 49.500, firstframe, 002.899, 16frames_time, 096.155, imgproc_time, 097.599, 
index, 0000000084, temp, 49.500, firstframe, 003.903, 16frames_time, 098.728, imgproc_time, 094.701, 
index, 0000000085, temp, 49.500, firstframe, 006.146, 16frames_time, 099.919, imgproc_time, 095.683, 
index, 0000000086, temp, 49.500, firstframe, 001.953, 16frames_time, 096.104, imgproc_time, 097.605, 
index, 0000000087, temp, 49.500, firstframe, 002.946, 16frames_time, 097.452, imgproc_time, 096.624, 
index, 0000000088, temp, 49.500, firstframe, 005.941, 16frames_time, 100.129, imgproc_time, 096.638, 
index, 0000000089, temp, 49.500, firstframe, 001.939, 16frames_time, 095.845, imgproc_time, 096.621, 
index, 0000000090, temp, 49.500, firstframe, 002.837, 16frames_time, 097.661, imgproc_time, 094.671, 
index, 0000000091, temp, 49.500, firstframe, 005.173, 16frames_time, 100.902, imgproc_time, 096.626, 
index, 0000000092, temp, 49.500, firstframe, 004.030, 16frames_time, 095.844, imgproc_time, 098.585, 
index, 0000000093, temp, 49.500, firstframe, 003.945, 16frames_time, 098.538, imgproc_time, 095.684, 
index, 0000000094, temp, 49.500, firstframe, 006.101, 16frames_time, 100.508, imgproc_time, 097.643, 
index, 0000000095, temp, 49.500, firstframe, 001.950, 16frames_time, 096.400, imgproc_time, 096.625, 
index, 0000000096, temp, 49.500, firstframe, 003.884, 16frames_time, 098.377, imgproc_time, 096.623, 
index, 0000000097, temp, 49.500, firstframe, 005.262, 16frames_time, 100.491, imgproc_time, 097.628, 
index, 0000000098, temp, 49.500, firstframe, 001.952, 16frames_time, 095.858, imgproc_time, 096.652, 
index, 0000000099, temp, 49.500, firstframe, 003.817, 16frames_time, 098.476, imgproc_time, 096.625, 
index, 0000000100, temp, 49.500, firstframe, 005.197, 16frames_time, 100.957, imgproc_time, 095.679, 
index, 0000000101, temp, 49.500, firstframe, 001.932, 16frames_time, 096.018, imgproc_time, 097.602, 
index, 0000000102, temp, 49.500, firstframe, 003.994, 16frames_time, 097.848, imgproc_time, 097.631, 
index, 0000000103, temp, 49.500, firstframe, 006.137, 16frames_time, 101.107, imgproc_time, 098.576, 
index, 0000000104, temp, 49.500, firstframe, 001.953, 16frames_time, 095.665, imgproc_time, 094.672, 
index, 0000000105, temp, 49.500, firstframe, 002.927, 16frames_time, 098.358, imgproc_time, 098.610, 
index, 0000000106, temp, 49.500, firstframe, 005.928, 16frames_time, 100.311, imgproc_time, 096.638, 
index, 0000000107, temp, 49.500, firstframe, 000.972, 16frames_time, 096.412, imgproc_time, 097.599, 
index, 0000000108, temp, 49.500, firstframe, 004.948, 16frames_time, 098.740, imgproc_time, 096.642, 
index, 0000000109, temp, 49.500, firstframe, 006.017, 16frames_time, 100.602, imgproc_time, 096.655, 
index, 0000000110, temp, 49.500, firstframe, 001.862, 16frames_time, 096.947, imgproc_time, 097.604, 
index, 0000000111, temp, 49.500, firstframe, 004.158, 16frames_time, 098.116, imgproc_time, 095.693, 
index, 0000000112, temp, 49.500, firstframe, 005.097, 16frames_time, 099.798, imgproc_time, 093.699, 
index, 0000000113, temp, 49.500, firstframe, 001.960, 16frames_time, 096.626, imgproc_time, 095.645, 
index, 0000000114, temp, 49.500, firstframe, 003.903, 16frames_time, 099.377, imgproc_time, 096.624, 
index, 0000000115, temp, 49.500, firstframe, 006.390, 16frames_time, 100.422, imgproc_time, 095.652, 
index, 0000000116, temp, 49.500, firstframe, 001.917, 16frames_time, 096.761, imgproc_time, 094.672, 
index, 0000000117, temp, 49.500, firstframe, 004.028, 16frames_time, 098.049, imgproc_time, 097.601, 
index, 0000000118, temp, 49.500, firstframe, 007.276, 16frames_time, 101.138, imgproc_time, 096.623, 
index, 0000000119, temp, 49.500, firstframe, 003.058, 16frames_time, 098.110, imgproc_time, 095.647, 
index, 0000000120, temp, 49.500, firstframe, 004.986, 16frames_time, 099.692, imgproc_time, 094.672, 
index, 0000000121, temp, 49.500, firstframe, 002.005, 16frames_time, 095.822, imgproc_time, 096.699, 
index, 0000000122, temp, 49.500, firstframe, 003.876, 16frames_time, 097.814, imgproc_time, 095.657, 
index, 0000000123, temp, 49.500, firstframe, 005.113, 16frames_time, 099.481, imgproc_time, 093.698, 
index, 0000000124, temp, 49.500, firstframe, 001.954, 16frames_time, 095.261, imgproc_time, 096.624, 
index, 0000000125, temp, 49.500, firstframe, 004.046, 16frames_time, 098.686, imgproc_time, 096.624, 
index, 0000000126, temp, 49.500, firstframe, 006.265, 16frames_time, 100.189, imgproc_time, 095.649, 
index, 0000000127, temp, 49.500, firstframe, 001.952, 16frames_time, 096.401, imgproc_time, 094.700, 
index, 0000000128, temp, 49.500, firstframe, 003.239, 16frames_time, 098.536, imgproc_time, 094.670, 
index, 0000000129, temp, 49.500, firstframe, 006.250, 16frames_time, 101.699, imgproc_time, 096.623, 
index, 0000000130, temp, 49.500, firstframe, 001.864, 16frames_time, 096.948, imgproc_time, 095.685, 
index, 0000000131, temp, 49.500, firstframe, 004.972, 16frames_time, 099.100, imgproc_time, 097.601, 
index, 0000000132, temp, 49.500, firstframe, 006.940, 16frames_time, 101.367, imgproc_time, 095.648, 
index, 0000000133, temp, 49.500, firstframe, 002.882, 16frames_time, 097.162, imgproc_time, 093.699, 
index, 0000000134, temp, 49.500, firstframe, 006.223, 16frames_time, 101.076, imgproc_time, 096.212, 
index, 0000000135, temp, 49.500, firstframe, 000.977, 16frames_time, 095.933, imgproc_time, 096.623, 
index, 0000000136, temp, 49.500, firstframe, 004.017, 16frames_time, 098.825, imgproc_time, 094.672, 
index, 0000000137, temp, 49.500, firstframe, 005.942, 16frames_time, 099.976, imgproc_time, 093.698, 
index, 0000000138, temp, 49.500, firstframe, 001.952, 16frames_time, 096.502, imgproc_time, 093.695, 
index, 0000000139, temp, 49.500, firstframe, 004.121, 16frames_time, 098.908, imgproc_time, 093.734, 
index, 0000000140, temp, 49.500, firstframe, 005.885, 16frames_time, 099.832, imgproc_time, 096.642, 
index, 0000000141, temp, 49.500, firstframe, 002.928, 16frames_time, 095.785, imgproc_time, 094.700, 
index, 0000000142, temp, 49.500, firstframe, 002.978, 16frames_time, 097.323, imgproc_time, 096.624, 
index, 0000000143, temp, 49.500, firstframe, 005.898, 16frames_time, 100.118, imgproc_time, 093.753, 
index, 0000000144, temp, 49.500, firstframe, 001.952, 16frames_time, 095.370, imgproc_time, 095.665, 
index, 0000000145, temp, 49.500, firstframe, 003.898, 16frames_time, 098.858, imgproc_time, 093.697, 
index, 0000000146, temp, 49.500, firstframe, 006.796, 16frames_time, 101.439, imgproc_time, 095.707, 
index, 0000000147, temp, 49.500, firstframe, 001.864, 16frames_time, 097.097, imgproc_time, 095.650, 
index, 0000000148, temp, 49.500, firstframe, 004.853, 16frames_time, 099.663, imgproc_time, 094.672, 
index, 0000000149, temp, 49.500, firstframe, 001.923, 16frames_time, 096.129, imgproc_time, 094.700, 
index, 0000000150, temp, 49.500, firstframe, 002.940, 16frames_time, 097.725, imgproc_time, 095.650, 
index, 0000000151, temp, 49.500, firstframe, 004.843, 16frames_time, 099.564, imgproc_time, 094.671, 
index, 0000000152, temp, 49.500, firstframe, 001.952, 16frames_time, 095.604, imgproc_time, 097.611, 
index, 0000000153, temp, 49.500, firstframe, 002.839, 16frames_time, 097.879, imgproc_time, 094.702, 
index, 0000000154, temp, 49.500, firstframe, 005.991, 16frames_time, 100.319, imgproc_time, 096.655, 
index, 0000000155, temp, 49.500, firstframe, 001.966, 16frames_time, 095.795, imgproc_time, 095.654, 
index, 0000000156, temp, 49.500, firstframe, 002.946, 16frames_time, 097.165, imgproc_time, 094.704, 
index, 0000000157, temp, 49.500, firstframe, 005.013, 16frames_time, 100.416, imgproc_time, 099.540, 
index, 0000000158, temp, 49.500, firstframe, 001.864, 16frames_time, 095.636, imgproc_time, 096.623, 
index, 0000000159, temp, 49.500, firstframe, 002.928, 16frames_time, 098.030, imgproc_time, 094.691, 
index, 0000000160, temp, 49.500, firstframe, 005.005, 16frames_time, 099.194, imgproc_time, 093.701, 
index, 0000000161, temp, 49.500, firstframe, 002.900, 16frames_time, 096.215, imgproc_time, 096.632, 
index, 0000000162, temp, 49.500, firstframe, 002.902, 16frames_time, 098.154, imgproc_time, 095.670, 
index, 0000000163, temp, 49.500, firstframe, 005.983, 16frames_time, 100.558, imgproc_time, 094.672, 
index, 0000000164, temp, 49.500, firstframe, 001.865, 16frames_time, 096.721, imgproc_time, 095.680, 
index, 0000000165, temp, 49.500, firstframe, 004.111, 16frames_time, 098.532, imgproc_time, 094.674, 
index, 0000000166, temp, 49.500, firstframe, 007.086, 16frames_time, 101.701, imgproc_time, 097.599, 
index, 0000000167, temp, 49.500, firstframe, 003.111, 16frames_time, 097.247, imgproc_time, 093.699, 
index, 0000000168, temp, 49.500, firstframe, 005.145, 16frames_time, 099.475, imgproc_time, 093.715, 
index, 0000000169, temp, 49.500, firstframe, 006.742, 16frames_time, 102.081, imgproc_time, 095.647, 
index, 0000000170, temp, 49.500, firstframe, 002.940, 16frames_time, 096.773, imgproc_time, 095.681, 
index, 0000000171, temp, 49.500, firstframe, 004.791, 16frames_time, 099.373, imgproc_time, 094.703, 
index, 0000000172, temp, 49.500, firstframe, 006.869, 16frames_time, 101.142, imgproc_time, 094.671, 
index, 0000000173, temp, 49.500, firstframe, 002.922, 16frames_time, 097.488, imgproc_time, 094.699, 
index, 0000000174, temp, 49.500, firstframe, 005.159, 16frames_time, 099.428, imgproc_time, 094.672, 
index, 0000000175, temp, 49.500, firstframe, 007.035, 16frames_time, 100.855, imgproc_time, 104.429, 
index, 0000000176, temp, 49.500, firstframe, 000.976, 16frames_time, 096.006, imgproc_time, 096.626, 
index, 0000000177, temp, 49.700, firstframe, 004.019, 16frames_time, 099.481, imgproc_time, 094.671, 
index, 0000000178, temp, 49.700, firstframe, 006.101, 16frames_time, 101.219, imgproc_time, 095.647, 
index, 0000000179, temp, 49.700, firstframe, 002.955, 16frames_time, 097.051, imgproc_time, 094.672, 
index, 0000000180, temp, 49.700, firstframe, 004.880, 16frames_time, 099.049, imgproc_time, 094.675, 
index, 0000000181, temp, 49.700, firstframe, 007.144, 16frames_time, 102.405, imgproc_time, 096.624, 
index, 0000000182, temp, 49.700, firstframe, 001.935, 16frames_time, 097.623, imgproc_time, 095.657, 
index, 0000000183, temp, 49.700, firstframe, 004.951, 16frames_time, 099.291, imgproc_time, 094.673, 
index, 0000000184, temp, 49.700, firstframe, 006.139, 16frames_time, 101.112, imgproc_time, 094.686, 
index, 0000000185, temp, 49.700, firstframe, 001.982, 16frames_time, 096.492, imgproc_time, 093.695, 
index, 0000000186, temp, 49.700, firstframe, 005.157, 16frames_time, 099.954, imgproc_time, 094.670, 
index, 0000000187, temp, 49.700, firstframe, 002.012, 16frames_time, 095.492, imgproc_time, 093.698, 
index, 0000000188, temp, 49.700, firstframe, 004.054, 16frames_time, 098.722, imgproc_time, 093.698, 
index, 0000000189, temp, 49.700, firstframe, 006.208, 16frames_time, 100.524, imgproc_time, 095.652, 
index, 0000000190, temp, 49.700, firstframe, 001.879, 16frames_time, 096.753, imgproc_time, 094.672, 
index, 0000000191, temp, 49.700, firstframe, 003.968, 16frames_time, 098.500, imgproc_time, 096.626, 
index, 0000000192, temp, 49.700, firstframe, 006.172, 16frames_time, 101.195, imgproc_time, 101.504, 
index, 0000000193, temp, 49.700, firstframe, 001.863, 16frames_time, 097.213, imgproc_time, 095.648, 
index, 0000000194, temp, 49.700, firstframe, 004.140, 16frames_time, 099.617, imgproc_time, 093.733, 
index, 0000000195, temp, 49.700, firstframe, 006.240, 16frames_time, 100.913, imgproc_time, 096.626, 
index, 0000000196, temp, 49.700, firstframe, 004.794, 16frames_time, 097.192, imgproc_time, 095.647, 
index, 0000000197, temp, 49.700, firstframe, 004.879, 16frames_time, 099.139, imgproc_time, 094.700, 
index, 0000000198, temp, 49.700, firstframe, 007.237, 16frames_time, 102.165, imgproc_time, 094.714, 
index, 0000000199, temp, 49.700, firstframe, 002.875, 16frames_time, 096.677, imgproc_time, 095.647, 
index, 0000000200, temp, 49.700, firstframe, 004.790, 16frames_time, 100.470, imgproc_time, 094.691, 
index, 0000000201, temp, 49.700, firstframe, 007.169, 16frames_time, 101.973, imgproc_time, 095.653, 
index, 0000000202, temp, 49.700, firstframe, 003.024, 16frames_time, 097.229, imgproc_time, 092.728, 
index, 0000000203, temp, 49.700, firstframe, 004.975, 16frames_time, 099.154, imgproc_time, 094.671, 
index, 0000000204, temp, 49.700, firstframe, 007.124, 16frames_time, 101.439, imgproc_time, 096.654, 
index, 0000000205, temp, 49.700, firstframe, 003.874, 16frames_time, 098.361, imgproc_time, 095.651, 
index, 0000000206, temp, 49.700, firstframe, 006.138, 16frames_time, 100.398, imgproc_time, 095.648, 
index, 0000000207, temp, 49.700, firstframe, 001.955, 16frames_time, 095.729, imgproc_time, 093.696, 
index, 0000000208, temp, 49.700, firstframe, 003.848, 16frames_time, 098.735, imgproc_time, 095.647, 
index, 0000000209, temp, 49.700, firstframe, 005.246, 16frames_time, 100.666, imgproc_time, 094.704, 
index, 0000000210, temp, 49.700, firstframe, 001.949, 16frames_time, 096.666, imgproc_time, 094.674, 
index, 0000000211, temp, 49.700, firstframe, 003.869, 16frames_time, 098.711, imgproc_time, 094.673, 
index, 0000000212, temp, 49.700, firstframe, 007.213, 16frames_time, 101.900, imgproc_time, 095.647, 
index, 0000000213, temp, 49.700, firstframe, 002.928, 16frames_time, 097.361, imgproc_time, 096.655, 
index, 0000000214, temp, 49.700, firstframe, 005.240, 16frames_time, 099.707, imgproc_time, 095.662, 
index, 0000000215, temp, 49.700, firstframe, 001.866, 16frames_time, 095.442, imgproc_time, 094.705, 
index, 0000000216, temp, 49.700, firstframe, 003.081, 16frames_time, 097.823, imgproc_time, 093.699, 
index, 0000000217, temp, 49.700, firstframe, 006.216, 16frames_time, 101.112, imgproc_time, 094.659, 
index, 0000000218, temp, 49.700, firstframe, 004.395, 16frames_time, 096.369, imgproc_time, 094.676, 
index, 0000000219, temp, 49.700, firstframe, 004.066, 16frames_time, 098.491, imgproc_time, 095.650, 
index, 0000000220, temp, 49.700, firstframe, 005.927, 16frames_time, 101.002, imgproc_time, 096.659, 
index, 0000000221, temp, 49.700, firstframe, 002.051, 16frames_time, 096.161, imgproc_time, 095.678, 
index, 0000000222, temp, 49.700, firstframe, 004.076, 16frames_time, 098.085, imgproc_time, 095.678, 
index, 0000000223, temp, 49.700, firstframe, 006.013, 16frames_time, 101.574, imgproc_time, 094.701, 
index, 0000000224, temp, 49.700, firstframe, 001.922, 16frames_time, 096.890, imgproc_time, 095.648, 
index, 0000000225, temp, 49.700, firstframe, 004.056, 16frames_time, 099.021, imgproc_time, 094.673, 
index, 0000000226, temp, 49.700, firstframe, 006.228, 16frames_time, 101.078, imgproc_time, 095.688, 
index, 0000000227, temp, 49.700, firstframe, 001.955, 16frames_time, 096.950, imgproc_time, 094.671, 
index, 0000000228, temp, 49.700, firstframe, 004.962, 16frames_time, 099.019, imgproc_time, 094.720, 
index, 0000000229, temp, 49.700, firstframe, 006.225, 16frames_time, 101.486, imgproc_time, 096.625, 
index, 0000000230, temp, 49.700, firstframe, 001.951, 16frames_time, 096.447, imgproc_time, 094.678, 
index, 0000000231, temp, 49.700, firstframe, 003.938, 16frames_time, 099.103, imgproc_time, 093.740, 
index, 0000000232, temp, 49.700, firstframe, 005.856, 16frames_time, 101.628, imgproc_time, 094.675, 
index, 0000000233, temp, 49.700, firstframe, 002.835, 16frames_time, 097.046, imgproc_time, 094.691, 
index, 0000000234, temp, 49.700, firstframe, 004.880, 16frames_time, 099.358, imgproc_time, 094.778, 
index, 0000000235, temp, 49.700, firstframe, 001.981, 16frames_time, 095.930, imgproc_time, 094.671, 
index, 0000000236, temp, 49.700, firstframe, 003.091, 16frames_time, 098.069, imgproc_time, 094.701, 
index, 0000000237, temp, 49.700, firstframe, 006.033, 16frames_time, 100.238, imgproc_time, 095.717, 
index, 0000000238, temp, 49.700, firstframe, 001.949, 16frames_time, 096.817, imgproc_time, 095.650, 
index, 0000000239, temp, 49.700, firstframe, 004.170, 16frames_time, 098.602, imgproc_time, 095.648, 
index, 0000000240, temp, 49.700, firstframe, 006.128, 16frames_time, 100.211, imgproc_time, 095.648, 
index, 0000000241, temp, 49.700, firstframe, 001.955, 16frames_time, 096.342, imgproc_time, 097.621, 
index, 0000000242, temp, 49.700, firstframe, 004.010, 16frames_time, 098.393, imgproc_time, 096.626, 
index, 0000000243, temp, 49.700, firstframe, 006.275, 16frames_time, 100.204, imgproc_time, 094.673, 
index, 0000000244, temp, 49.700, firstframe, 002.000, 16frames_time, 096.657, imgproc_time, 095.651, 
index, 0000000245, temp, 49.700, firstframe, 003.899, 16frames_time, 098.766, imgproc_time, 094.672, 
index, 0000000246, temp, 49.700, firstframe, 006.032, 16frames_time, 101.061, imgproc_time, 095.650, 
index, 0000000247, temp, 49.700, firstframe, 000.976, 16frames_time, 095.977, imgproc_time, 095.658, 
index, 0000000248, temp, 49.700, firstframe, 003.878, 16frames_time, 098.849, imgproc_time, 094.707, 
index, 0000000249, temp, 49.700, firstframe, 005.859, 16frames_time, 100.904, imgproc_time, 093.730, 
index, 0000000250, temp, 49.700, firstframe, 002.925, 16frames_time, 096.929, imgproc_time, 095.676, 
index, 0000000251, temp, 49.700, firstframe, 004.131, 16frames_time, 099.383, imgproc_time, 094.672, 
index, 0000000252, temp, 49.700, firstframe, 007.811, 16frames_time, 101.902, imgproc_time, 094.698, 
index, 0000000253, temp, 49.700, firstframe, 002.927, 16frames_time, 097.430, imgproc_time, 094.700, 
index, 0000000254, temp, 49.700, firstframe, 006.160, 16frames_time, 099.975, imgproc_time, 095.678, 
index, 0000000255, temp, 49.700, firstframe, 001.927, 16frames_time, 095.610, imgproc_time, 096.623, 
index, 0000000256, temp, 49.700, firstframe, 004.099, 16frames_time, 098.629, imgproc_time, 092.718, 
index, 0000000257, temp, 49.700, firstframe, 006.069, 16frames_time, 100.772, imgproc_time, 095.648, 
index, 0000000258, temp, 49.700, firstframe, 001.007, 16frames_time, 095.442, imgproc_time, 095.652, 
index, 0000000259, temp, 49.700, firstframe, 003.907, 16frames_time, 098.315, imgproc_time, 094.700, 
index, 0000000260, temp, 49.700, firstframe, 006.204, 16frames_time, 100.961, imgproc_time, 094.703, 
index, 0000000261, temp, 49.700, firstframe, 001.951, 16frames_time, 097.264, imgproc_time, 095.720, 
index, 0000000262, temp, 49.700, firstframe, 004.992, 16frames_time, 099.267, imgproc_time, 095.682, 
index, 0000000263, temp, 49.700, firstframe, 006.152, 16frames_time, 101.000, imgproc_time, 094.672, 
index, 0000000264, temp, 49.700, firstframe, 003.086, 16frames_time, 097.167, imgproc_time, 095.648, 
index, 0000000265, temp, 49.700, firstframe, 005.093, 16frames_time, 099.500, imgproc_time, 094.706, 
index, 0000000266, temp, 49.700, firstframe, 007.168, 16frames_time, 101.733, imgproc_time, 094.712, 
index, 0000000267, temp, 49.700, firstframe, 002.084, 16frames_time, 097.084, imgproc_time, 094.669, 
index, 0000000268, temp, 49.700, firstframe, 004.833, 16frames_time, 099.071, imgproc_time, 094.700, 
index, 0000000269, temp, 49.700, firstframe, 007.065, 16frames_time, 100.987, imgproc_time, 095.649, 
index, 0000000270, temp, 49.700, firstframe, 001.864, 16frames_time, 096.503, imgproc_time, 095.705, 
index, 0000000271, temp, 49.700, firstframe, 003.983, 16frames_time, 098.018, imgproc_time, 096.655, 
index, 0000000272, temp, 49.700, firstframe, 006.202, 16frames_time, 100.399, imgproc_time, 095.647, 
index, 0000000273, temp, 49.700, firstframe, 001.956, 16frames_time, 096.228, imgproc_time, 094.673, 
index, 0000000274, temp, 49.700, firstframe, 003.964, 16frames_time, 098.298, imgproc_time, 096.653, 
index, 0000000275, temp, 49.700, firstframe, 005.992, 16frames_time, 101.360, imgproc_time, 095.677, 
index, 0000000276, temp, 49.700, firstframe, 001.955, 16frames_time, 096.120, imgproc_time, 093.725, 
index, 0000000277, temp, 49.700, firstframe, 003.901, 16frames_time, 098.002, imgproc_time, 095.675, 
index, 0000000278, temp, 49.700, firstframe, 006.341, 16frames_time, 101.434, imgproc_time, 094.676, 
index, 0000000279, temp, 49.700, firstframe, 001.965, 16frames_time, 095.996, imgproc_time, 096.624, 
index, 0000000280, temp, 49.700, firstframe, 003.377, 16frames_time, 098.068, imgproc_time, 095.697, 
index, 0000000281, temp, 49.700, firstframe, 006.051, 16frames_time, 100.436, imgproc_time, 094.709, 
index, 0000000282, temp, 49.700, firstframe, 001.955, 16frames_time, 096.305, imgproc_time, 095.668, 
index, 0000000283, temp, 49.700, firstframe, 004.158, 16frames_time, 099.056, imgproc_time, 095.647, 
index, 0000000284, temp, 49.700, firstframe, 005.946, 16frames_time, 100.321, imgproc_time, 094.705, 
index, 0000000285, temp, 49.700, firstframe, 001.955, 16frames_time, 096.027, imgproc_time, 096.685, 
index, 0000000286, temp, 49.700, firstframe, 003.816, 16frames_time, 098.472, imgproc_time, 093.724, 
index, 0000000287, temp, 49.700, firstframe, 006.396, 16frames_time, 100.628, imgproc_time, 095.673, 
index, 0000000288, temp, 49.700, firstframe, 001.957, 16frames_time, 096.400, imgproc_time, 094.677, 
index, 0000000289, temp, 49.700, firstframe, 004.948, 16frames_time, 099.568, imgproc_time, 095.648, 
index, 0000000290, temp, 49.700, firstframe, 007.309, 16frames_time, 102.140, imgproc_time, 094.676, 
index, 0000000291, temp, 49.700, firstframe, 003.053, 16frames_time, 097.064, imgproc_time, 095.650, 
index, 0000000292, temp, 49.700, firstframe, 005.284, 16frames_time, 099.770, imgproc_time, 094.672, 
index, 0000000293, temp, 49.700, firstframe, 006.945, 16frames_time, 101.712, imgproc_time, 094.701, 
index, 0000000294, temp, 49.700, firstframe, 003.069, 16frames_time, 098.582, imgproc_time, 094.674, 
index, 0000000295, temp, 49.700, firstframe, 005.138, 16frames_time, 100.566, imgproc_time, 095.668, 
index, 0000000296, temp, 49.700, firstframe, 001.952, 16frames_time, 095.620, imgproc_time, 092.722, 
index, 0000000297, temp, 49.700, firstframe, 003.059, 16frames_time, 098.294, imgproc_time, 096.624, 
index, 0000000298, temp, 49.700, firstframe, 004.792, 16frames_time, 099.202, imgproc_time, 094.672, 
index, 0000000299, temp, 49.700, firstframe, 006.937, 16frames_time, 101.328, imgproc_time, 094.678, 
index, 0000000300, temp, 49.700, firstframe, 002.870, 16frames_time, 097.754, imgproc_time, 096.625, 
index, 0000000301, temp, 49.700, firstframe, 004.883, 16frames_time, 100.505, imgproc_time, 095.655, 
index, 0000000302, temp, 49.700, firstframe, 001.953, 16frames_time, 096.032, imgproc_time, 094.671, 
index, 0000000303, temp, 49.700, firstframe, 002.928, 16frames_time, 098.005, imgproc_time, 096.640, 
index, 0000000304, temp, 49.700, firstframe, 004.410, 16frames_time, 099.647, imgproc_time, 093.696, 
index, 0000000305, temp, 49.700, firstframe, 001.917, 16frames_time, 096.218, imgproc_time, 094.674, 
index, 0000000306, temp, 49.700, firstframe, 003.925, 16frames_time, 097.557, imgproc_time, 094.671, 
index, 0000000307, temp, 49.500, firstframe, 005.221, 16frames_time, 099.251, imgproc_time, 095.648, 
index, 0000000308, temp, 49.500, firstframe, 001.861, 16frames_time, 095.282, imgproc_time, 093.725, 
index, 0000000309, temp, 49.500, firstframe, 002.925, 16frames_time, 097.146, imgproc_time, 097.629, 
index, 0000000310, temp, 49.500, firstframe, 006.287, 16frames_time, 101.192, imgproc_time, 093.698, 
index, 0000000311, temp, 49.500, firstframe, 002.918, 16frames_time, 096.744, imgproc_time, 096.625, 
index, 0000000312, temp, 49.500, firstframe, 005.237, 16frames_time, 099.050, imgproc_time, 095.678, 
index, 0000000313, temp, 49.500, firstframe, 001.957, 16frames_time, 095.934, imgproc_time, 096.623, 
index, 0000000314, temp, 49.500, firstframe, 004.064, 16frames_time, 098.770, imgproc_time, 093.710, 
index, 0000000315, temp, 49.500, firstframe, 006.565, 16frames_time, 101.481, imgproc_time, 095.657, 
index, 0000000316, temp, 49.500, firstframe, 002.970, 16frames_time, 096.764, imgproc_time, 095.649, 
index, 0000000317, temp, 49.700, firstframe, 004.788, 16frames_time, 098.801, imgproc_time, 095.684, 
index, 0000000318, temp, 49.700, firstframe, 007.079, 16frames_time, 101.918, imgproc_time, 097.602, 
index, 0000000319, temp, 49.700, firstframe, 002.896, 16frames_time, 097.153, imgproc_time, 095.647, 
index, 0000000320, temp, 49.700, firstframe, 004.788, 16frames_time, 099.335, imgproc_time, 095.682, 
index, 0000000321, temp, 49.700, firstframe, 007.096, 16frames_time, 101.359, imgproc_time, 094.672, 
index, 0000000322, temp, 49.700, firstframe, 002.031, 16frames_time, 097.517, imgproc_time, 094.671, 
index, 0000000323, temp, 49.700, firstframe, 004.993, 16frames_time, 100.289, imgproc_time, 095.646, 
index, 0000000324, temp, 49.700, firstframe, 007.085, 16frames_time, 101.431, imgproc_time, 094.689, 
index, 0000000325, temp, 49.700, firstframe, 001.952, 16frames_time, 097.472, imgproc_time, 095.665, 
index, 0000000326, temp, 49.700, firstframe, 004.883, 16frames_time, 099.244, imgproc_time, 093.698, 
index, 0000000327, temp, 49.700, firstframe, 006.259, 16frames_time, 099.808, imgproc_time, 094.672, 
index, 0000000328, temp, 49.700, firstframe, 001.863, 16frames_time, 097.550, imgproc_time, 095.659, 
index, 0000000329, temp, 49.700, firstframe, 004.168, 16frames_time, 097.651, imgproc_time, 095.665, 
index, 0000000330, temp, 49.700, firstframe, 006.832, 16frames_time, 101.504, imgproc_time, 097.600, 
index, 0000000331, temp, 49.700, firstframe, 001.952, 16frames_time, 097.767, imgproc_time, 105.408, 
index, 0000000332, temp, 49.700, firstframe, 004.883, 16frames_time, 100.295, imgproc_time, 096.625, 
index, 0000000333, temp, 49.700, firstframe, 001.956, 16frames_time, 096.013, imgproc_time, 093.740, 
index, 0000000334, temp, 49.700, firstframe, 003.815, 16frames_time, 098.438, imgproc_time, 094.673, 
index, 0000000335, temp, 49.700, firstframe, 005.091, 16frames_time, 099.355, imgproc_time, 092.755, 
index, 0000000336, temp, 49.700, firstframe, 001.955, 16frames_time, 095.955, imgproc_time, 094.692, 
index, 0000000337, temp, 49.500, firstframe, 004.205, 16frames_time, 098.352, imgproc_time, 093.724, 
index, 0000000338, temp, 49.500, firstframe, 005.957, 16frames_time, 100.432, imgproc_time, 093.727, 
index, 0000000339, temp, 49.500, firstframe, 001.955, 16frames_time, 097.200, imgproc_time, 096.623, 
index, 0000000340, temp, 49.500, firstframe, 005.241, 16frames_time, 099.583, imgproc_time, 093.724, 
index, 0000000341, temp, 49.500, firstframe, 002.020, 16frames_time, 096.112, imgproc_time, 097.600, 
index, 0000000342, temp, 49.500, firstframe, 002.931, 16frames_time, 097.074, imgproc_time, 092.723, 
index, 0000000343, temp, 49.500, firstframe, 005.908, 16frames_time, 100.489, imgproc_time, 094.703, 
index, 0000000344, temp, 49.500, firstframe, 007.138, 16frames_time, 101.270, imgproc_time, 092.720, 
index, 0000000345, temp, 49.500, firstframe, 003.907, 16frames_time, 097.877, imgproc_time, 091.757, 
index, 0000000346, temp, 49.500, firstframe, 005.193, 16frames_time, 099.758, imgproc_time, 094.701, 
index, 0000000347, temp, 49.700, firstframe, 001.924, 16frames_time, 096.663, imgproc_time, 093.705, 
index, 0000000348, temp, 49.700, firstframe, 004.175, 16frames_time, 098.203, imgproc_time, 094.703, 
index, 0000000349, temp, 49.700, firstframe, 005.912, 16frames_time, 099.689, imgproc_time, 093.698, 
index, 0000000350, temp, 49.700, firstframe, 001.952, 16frames_time, 095.688, imgproc_time, 095.651, 
index, 0000000351, temp, 49.700, firstframe, 002.931, 16frames_time, 098.013, imgproc_time, 094.695, 
index, 0000000352, temp, 49.700, firstframe, 006.004, 16frames_time, 099.975, imgproc_time, 095.649, 
index, 0000000353, temp, 49.700, firstframe, 001.974, 16frames_time, 095.656, imgproc_time, 093.696, 
index, 0000000354, temp, 49.700, firstframe, 002.930, 16frames_time, 097.297, imgproc_time, 093.720, 
index, 0000000355, temp, 49.700, firstframe, 006.290, 16frames_time, 101.243, imgproc_time, 094.674, 
index, 0000000356, temp, 49.700, firstframe, 001.003, 16frames_time, 095.863, imgproc_time, 093.695, 
index, 0000000357, temp, 49.500, firstframe, 004.035, 16frames_time, 099.072, imgproc_time, 094.709, 
index, 0000000358, temp, 49.500, firstframe, 005.996, 16frames_time, 100.827, imgproc_time, 095.671, 
index, 0000000359, temp, 49.500, firstframe, 001.955, 16frames_time, 096.319, imgproc_time, 096.623, 
index, 0000000360, temp, 49.500, firstframe, 004.793, 16frames_time, 098.922, imgproc_time, 095.648, 
index, 0000000361, temp, 49.500, firstframe, 007.336, 16frames_time, 101.960, imgproc_time, 095.648, 
index, 0000000362, temp, 49.500, firstframe, 002.863, 16frames_time, 097.019, imgproc_time, 095.648, 
index, 0000000363, temp, 49.500, firstframe, 005.147, 16frames_time, 099.487, imgproc_time, 097.599, 
index, 0000000364, temp, 49.500, firstframe, 001.862, 16frames_time, 095.647, imgproc_time, 095.648, 
index, 0000000365, temp, 49.500, firstframe, 003.894, 16frames_time, 097.726, imgproc_time, 093.735, 
index, 0000000366, temp, 49.500, firstframe, 005.184, 16frames_time, 100.357, imgproc_time, 096.624, 
index, 0000000367, temp, 49.500, firstframe, 003.905, 16frames_time, 096.379, imgproc_time, 093.695, 
index, 0000000368, temp, 49.500, firstframe, 004.008, 16frames_time, 098.665, imgproc_time, 094.671, 
index, 0000000369, temp, 49.500, firstframe, 005.027, 16frames_time, 099.580, imgproc_time, 093.696, 
index, 0000000370, temp, 49.500, firstframe, 001.952, 16frames_time, 096.789, imgproc_time, 095.638, 
index, 0000000371, temp, 49.500, firstframe, 002.930, 16frames_time, 098.178, imgproc_time, 097.600, 
index, 0000000372, temp, 49.500, firstframe, 004.934, 16frames_time, 100.565, imgproc_time, 095.650, 
index, 0000000373, temp, 49.500, firstframe, 001.955, 16frames_time, 096.423, imgproc_time, 095.619, 
index, 0000000374, temp, 49.500, firstframe, 003.815, 16frames_time, 098.367, imgproc_time, 094.672, 
index, 0000000375, temp, 49.500, firstframe, 006.049, 16frames_time, 101.294, imgproc_time, 095.648, 
index, 0000000376, temp, 49.500, firstframe, 000.975, 16frames_time, 095.720, imgproc_time, 093.696, 
index, 0000000377, temp, 49.500, firstframe, 003.901, 16frames_time, 098.388, imgproc_time, 094.671, 
index, 0000000378, temp, 49.500, firstframe, 005.006, 16frames_time, 099.319, imgproc_time, 094.673, 
index, 0000000379, temp, 49.500, firstframe, 002.928, 16frames_time, 096.317, imgproc_time, 095.647, 
index, 0000000380, temp, 49.500, firstframe, 004.041, 16frames_time, 098.123, imgproc_time, 096.655, 
index, 0000000381, temp, 49.500, firstframe, 006.260, 16frames_time, 100.969, imgproc_time, 094.707, 
index, 0000000382, temp, 49.500, firstframe, 001.954, 16frames_time, 096.528, imgproc_time, 096.626, 
index, 0000000383, temp, 49.500, firstframe, 003.815, 16frames_time, 098.705, imgproc_time, 100.531, 
index, 0000000384, temp, 49.500, firstframe, 006.904, 16frames_time, 101.475, imgproc_time, 095.648, 
index, 0000000385, temp, 49.500, firstframe, 002.947, 16frames_time, 096.754, imgproc_time, 095.648, 
index, 0000000386, temp, 49.500, firstframe, 005.038, 16frames_time, 099.175, imgproc_time, 096.606, 
index, 0000000387, temp, 49.500, firstframe, 007.314, 16frames_time, 102.013, imgproc_time, 096.623, 
index, 0000000388, temp, 49.500, firstframe, 002.886, 16frames_time, 098.115, imgproc_time, 094.721, 
index, 0000000389, temp, 49.500, firstframe, 005.276, 16frames_time, 100.096, imgproc_time, 096.614, 
index, 0000000390, temp, 49.500, firstframe, 007.093, 16frames_time, 102.130, imgproc_time, 096.627, 
index, 0000000391, temp, 49.500, firstframe, 002.840, 16frames_time, 097.389, imgproc_time, 105.436, 
index, 0000000392, temp, 49.500, firstframe, 005.174, 16frames_time, 099.894, imgproc_time, 095.677, 
index, 0000000393, temp, 49.500, firstframe, 007.291, 16frames_time, 101.571, imgproc_time, 095.648, 
index, 0000000394, temp, 49.500, firstframe, 003.938, 16frames_time, 098.804, imgproc_time, 094.706, 
index, 0000000395, temp, 49.500, firstframe, 005.031, 16frames_time, 099.122, imgproc_time, 096.624, 
index, 0000000396, temp, 49.500, firstframe, 001.887, 16frames_time, 095.987, imgproc_time, 095.679, 
index, 0000000397, temp, 49.500, firstframe, 002.927, 16frames_time, 097.518, imgproc_time, 096.624, 
index, 0000000398, temp, 49.500, firstframe, 006.022, 16frames_time, 100.316, imgproc_time, 096.623, 
index, 0000000399, temp, 49.500, firstframe, 002.955, 16frames_time, 096.227, imgproc_time, 096.625, 
index, 0000000400, temp, 49.500, firstframe, 003.968, 16frames_time, 098.985, imgproc_time, 094.708, 
index, 0000000401, temp, 49.500, firstframe, 005.827, 16frames_time, 100.893, imgproc_time, 096.656, 
index, 0000000402, temp, 49.500, firstframe, 001.922, 16frames_time, 095.710, imgproc_time, 095.648, 
index, 0000000403, temp, 49.500, firstframe, 002.929, 16frames_time, 097.891, imgproc_time, 096.653, 
index, 0000000404, temp, 49.500, firstframe, 004.900, 16frames_time, 099.935, imgproc_time, 095.619, 
index, 0000000405, temp, 49.500, firstframe, 007.134, 16frames_time, 101.276, imgproc_time, 094.700, 
index, 0000000406, temp, 49.500, firstframe, 003.908, 16frames_time, 097.486, imgproc_time, 096.659, 
index, 0000000407, temp, 49.500, firstframe, 005.143, 16frames_time, 100.600, imgproc_time, 094.729, 
index, 0000000408, temp, 49.500, firstframe, 007.382, 16frames_time, 101.813, imgproc_time, 095.666, 
index, 0000000409, temp, 49.500, firstframe, 002.994, 16frames_time, 097.481, imgproc_time, 094.675, 
index, 0000000410, temp, 49.500, firstframe, 003.914, 16frames_time, 098.822, imgproc_time, 095.647, 
index, 0000000411, temp, 49.500, firstframe, 006.145, 16frames_time, 101.096, imgproc_time, 094.672, 
index, 0000000412, temp, 49.500, firstframe, 001.955, 16frames_time, 096.621, imgproc_time, 094.740, 
index, 0000000413, temp, 49.500, firstframe, 005.070, 16frames_time, 099.419, imgproc_time, 094.685, 
index, 0000000414, temp, 49.500, firstframe, 006.832, 16frames_time, 100.953, imgproc_time, 092.720, 
index, 0000000415, temp, 49.500, firstframe, 002.837, 16frames_time, 097.040, imgproc_time, 094.673, 
index, 0000000416, temp, 49.500, firstframe, 004.985, 16frames_time, 098.908, imgproc_time, 094.766, 
index, 0000000417, temp, 49.500, firstframe, 006.193, 16frames_time, 101.916, imgproc_time, 095.687, 
index, 0000000418, temp, 49.500, firstframe, 002.931, 16frames_time, 097.453, imgproc_time, 095.667, 
index, 0000000419, temp, 49.500, firstframe, 004.812, 16frames_time, 099.095, imgproc_time, 094.671, 
index, 0000000420, temp, 49.500, firstframe, 006.110, 16frames_time, 101.332, imgproc_time, 096.628, 
index, 0000000421, temp, 49.500, firstframe, 002.943, 16frames_time, 096.964, imgproc_time, 095.648, 
index, 0000000422, temp, 49.500, firstframe, 005.044, 16frames_time, 099.693, imgproc_time, 096.622, 
index, 0000000423, temp, 49.500, firstframe, 001.954, 16frames_time, 094.851, imgproc_time, 094.706, 
index, 0000000424, temp, 49.500, firstframe, 001.965, 16frames_time, 097.604, imgproc_time, 095.676, 
index, 0000000425, temp, 49.500, firstframe, 004.877, 16frames_time, 099.261, imgproc_time, 094.686, 
index, 0000000426, temp, 49.500, firstframe, 006.960, 16frames_time, 101.805, imgproc_time, 094.672, 
index, 0000000427, temp, 49.500, firstframe, 002.927, 16frames_time, 097.595, imgproc_time, 095.652, 
index, 0000000428, temp, 49.500, firstframe, 004.883, 16frames_time, 099.316, imgproc_time, 097.601, 
index, 0000000429, temp, 49.500, firstframe, 001.948, 16frames_time, 095.337, imgproc_time, 095.676, 
index, 0000000430, temp, 49.500, firstframe, 003.165, 16frames_time, 097.533, imgproc_time, 093.700, 
index, 0000000431, temp, 49.500, firstframe, 006.115, 16frames_time, 100.226, imgproc_time, 095.680, 
index, 0000000432, temp, 49.500, firstframe, 001.864, 16frames_time, 097.167, imgproc_time, 094.637, 
index, 0000000433, temp, 49.500, firstframe, 004.849, 16frames_time, 098.666, imgproc_time, 095.682, 
index, 0000000434, temp, 49.500, firstframe, 005.884, 16frames_time, 101.477, imgproc_time, 096.658, 
index, 0000000435, temp, 49.500, firstframe, 001.865, 16frames_time, 096.441, imgproc_time, 096.638, 
index, 0000000436, temp, 49.500, firstframe, 004.059, 16frames_time, 097.869, imgproc_time, 093.695, 
index, 0000000437, temp, 49.500, firstframe, 005.965, 16frames_time, 100.740, imgproc_time, 095.680, 
index, 0000000438, temp, 49.500, firstframe, 001.884, 16frames_time, 096.768, imgproc_time, 095.648, 
index, 0000000439, temp, 49.500, firstframe, 004.918, 16frames_time, 098.844, imgproc_time, 093.701, 
index, 0000000440, temp, 49.500, firstframe, 007.154, 16frames_time, 101.411, imgproc_time, 095.684, 
index, 0000000441, temp, 49.500, firstframe, 002.931, 16frames_time, 097.372, imgproc_time, 092.750, 
index, 0000000442, temp, 49.500, firstframe, 005.859, 16frames_time, 099.745, imgproc_time, 096.624, 
index, 0000000443, temp, 49.500, firstframe, 001.924, 16frames_time, 095.602, imgproc_time, 093.699, 
index, 0000000444, temp, 49.500, firstframe, 003.907, 16frames_time, 098.206, imgproc_time, 095.677, 
index, 0000000445, temp, 49.500, firstframe, 005.855, 16frames_time, 100.919, imgproc_time, 094.674, 
index, 0000000446, temp, 49.500, firstframe, 001.949, 16frames_time, 096.879, imgproc_time, 094.706, 
index, 0000000447, temp, 49.500, firstframe, 004.836, 16frames_time, 098.770, imgproc_time, 108.365, 
index, 0000000448, temp, 49.500, firstframe, 006.094, 16frames_time, 101.212, imgproc_time, 097.599, 
index, 0000000449, temp, 49.500, firstframe, 002.868, 16frames_time, 096.798, imgproc_time, 093.732, 
index, 0000000450, temp, 49.500, firstframe, 004.205, 16frames_time, 099.899, imgproc_time, 095.680, 
index, 0000000451, temp, 49.500, firstframe, 001.952, 16frames_time, 095.605, imgproc_time, 095.653, 
index, 0000000452, temp, 49.500, firstframe, 003.963, 16frames_time, 099.304, imgproc_time, 093.686, 
index, 0000000453, temp, 49.500, firstframe, 007.090, 16frames_time, 101.572, imgproc_time, 093.700, 
index, 0000000454, temp, 49.500, firstframe, 002.930, 16frames_time, 097.330, imgproc_time, 095.647, 
index, 0000000455, temp, 49.500, firstframe, 005.104, 16frames_time, 099.544, imgproc_time, 093.698, 
index, 0000000456, temp, 49.500, firstframe, 007.112, 16frames_time, 101.977, imgproc_time, 096.652, 
index, 0000000457, temp, 49.500, firstframe, 003.108, 16frames_time, 097.659, imgproc_time, 095.649, 
index, 0000000458, temp, 49.500, firstframe, 005.178, 16frames_time, 099.438, imgproc_time, 094.705, 
index, 0000000459, temp, 49.500, firstframe, 006.966, 16frames_time, 101.468, imgproc_time, 094.674, 
index, 0000000460, temp, 49.500, firstframe, 003.007, 16frames_time, 097.355, imgproc_time, 093.713, 
index, 0000000461, temp, 49.500, firstframe, 005.198, 16frames_time, 099.376, imgproc_time, 093.750, 
index, 0000000462, temp, 49.500, firstframe, 001.955, 16frames_time, 095.405, imgproc_time, 093.699, 
index, 0000000463, temp, 49.500, firstframe, 003.816, 16frames_time, 099.038, imgproc_time, 093.696, 
index, 0000000464, temp, 49.500, firstframe, 006.003, 16frames_time, 100.367, imgproc_time, 096.623, 
index, 0000000465, temp, 49.500, firstframe, 001.869, 16frames_time, 096.440, imgproc_time, 093.696, 
index, 0000000466, temp, 49.500, firstframe, 003.815, 16frames_time, 098.139, imgproc_time, 093.705, 
index, 0000000467, temp, 49.200, firstframe, 005.919, 16frames_time, 101.227, imgproc_time, 095.650, 
index, 0000000468, temp, 49.200, firstframe, 000.922, 16frames_time, 096.732, imgproc_time, 094.672, 
index, 0000000469, temp, 49.200, firstframe, 002.978, 16frames_time, 097.936, imgproc_time, 094.706, 
index, 0000000470, temp, 49.200, firstframe, 005.038, 16frames_time, 100.308, imgproc_time, 095.646, 
index, 0000000471, temp, 49.200, firstframe, 001.962, 16frames_time, 096.071, imgproc_time, 095.649, 
index, 0000000472, temp, 49.200, firstframe, 003.973, 16frames_time, 099.319, imgproc_time, 093.696, 
index, 0000000473, temp, 49.200, firstframe, 007.296, 16frames_time, 101.514, imgproc_time, 094.687, 
index, 0000000474, temp, 49.200, firstframe, 002.997, 16frames_time, 098.276, imgproc_time, 093.698, 
index, 0000000475, temp, 49.200, firstframe, 006.292, 16frames_time, 101.142, imgproc_time, 094.701, 
index, 0000000476, temp, 49.200, firstframe, 002.987, 16frames_time, 097.477, imgproc_time, 092.679, 
index, 0000000477, temp, 49.200, firstframe, 004.015, 16frames_time, 098.767, imgproc_time, 095.646, 
index, 0000000478, temp, 49.200, firstframe, 007.141, 16frames_time, 101.619, imgproc_time, 094.681, 
index, 0000000479, temp, 49.200, firstframe, 002.900, 16frames_time, 097.099, imgproc_time, 106.383, 
index, 0000000480, temp, 49.200, firstframe, 005.822, 16frames_time, 099.519, imgproc_time, 101.505, 
index, 0000000481, temp, 49.200, firstframe, 001.954, 16frames_time, 096.216, imgproc_time, 100.557, 
index, 0000000482, temp, 49.200, firstframe, 004.196, 16frames_time, 098.357, imgproc_time, 093.731, 
index, 0000000483, temp, 49.200, firstframe, 006.283, 16frames_time, 100.488, imgproc_time, 093.696, 
index, 0000000484, temp, 49.200, firstframe, 001.863, 16frames_time, 095.865, imgproc_time, 094.663, 
index, 0000000485, temp, 49.200, firstframe, 004.220, 16frames_time, 099.433, imgproc_time, 094.671, 
index, 0000000486, temp, 49.200, firstframe, 007.260, 16frames_time, 101.581, imgproc_time, 093.704, 
index, 0000000487, temp, 49.500, firstframe, 002.931, 16frames_time, 097.257, imgproc_time, 094.672, 
index, 0000000488, temp, 49.500, firstframe, 003.924, 16frames_time, 098.249, imgproc_time, 095.626, 
index, 0000000489, temp, 49.500, firstframe, 006.934, 16frames_time, 101.453, imgproc_time, 094.705, 
index, 0000000490, temp, 49.500, firstframe, 001.951, 16frames_time, 097.202, imgproc_time, 098.600, 
index, 0000000491, temp, 49.500, firstframe, 005.894, 16frames_time, 099.353, imgproc_time, 093.727, 
index, 0000000492, temp, 49.500, firstframe, 000.888, 16frames_time, 095.757, imgproc_time, 093.698, 
index, 0000000493, temp, 49.500, firstframe, 003.963, 16frames_time, 097.925, imgproc_time, 093.728, 
index, 0000000494, temp, 49.500, firstframe, 006.088, 16frames_time, 099.939, imgproc_time, 093.690, 
index, 0000000495, temp, 49.500, firstframe, 001.912, 16frames_time, 095.989, imgproc_time, 093.723, 
index, 0000000496, temp, 49.500, firstframe, 003.847, 16frames_time, 097.999, imgproc_time, 093.695, 
index, 0000000497, temp, 49.200, firstframe, 005.993, 16frames_time, 100.054, imgproc_time, 094.701, 
index, 0000000498, temp, 49.200, firstframe, 001.939, 16frames_time, 096.224, imgproc_time, 094.679, 
index, 0000000499, temp, 49.200, firstframe, 003.967, 16frames_time, 098.415, imgproc_time, 092.752, 
index, 0000000500, temp, 49.200, firstframe, 006.055, 16frames_time, 101.088, imgproc_time, 093.699, 
index, 0000000501, temp, 49.200, firstframe, 001.993, 16frames_time, 096.988, imgproc_time, 093.766, 
index, 0000000502, temp, 49.200, firstframe, 003.901, 16frames_time, 098.850, imgproc_time, 092.757, 
index, 0000000503, temp, 49.200, firstframe, 006.152, 16frames_time, 101.623, imgproc_time, 092.721, 
index, 0000000504, temp, 49.200, firstframe, 001.917, 16frames_time, 097.037, imgproc_time, 093.699, 
index, 0000000505, temp, 49.200, firstframe, 004.076, 16frames_time, 098.569, imgproc_time, 094.674, 
index, 0000000506, temp, 49.200, firstframe, 005.857, 16frames_time, 100.784, imgproc_time, 092.724, 
index, 0000000507, temp, 49.200, firstframe, 003.143, 16frames_time, 096.960, imgproc_time, 092.719, 
index, 0000000508, temp, 49.200, firstframe, 004.880, 16frames_time, 099.953, imgproc_time, 092.730, 
index, 0000000509, temp, 49.200, firstframe, 001.952, 16frames_time, 094.923, imgproc_time, 092.723, 
index, 0000000510, temp, 49.200, firstframe, 003.938, 16frames_time, 097.371, imgproc_time, 091.744, 
index, 0000000511, temp, 49.200, firstframe, 003.981, 16frames_time, 098.141, imgproc_time, 093.727, 
index, 0000000512, temp, 49.200, firstframe, 006.984, 16frames_time, 101.717, imgproc_time, 094.667, 
index, 0000000513, temp, 49.200, firstframe, 001.955, 16frames_time, 097.122, imgproc_time, 093.709, 
index, 0000000514, temp, 49.200, firstframe, 003.967, 16frames_time, 098.923, imgproc_time, 094.672, 
index, 0000000515, temp, 49.200, firstframe, 006.229, 16frames_time, 101.690, imgproc_time, 094.694, 
index, 0000000516, temp, 49.200, firstframe, 002.839, 16frames_time, 097.724, imgproc_time, 093.696, 
index, 0000000517, temp, 49.200, firstframe, 005.129, 16frames_time, 099.580, imgproc_time, 093.696, 
index, 0000000518, temp, 49.200, firstframe, 007.118, 16frames_time, 101.077, imgproc_time, 094.702, 
index, 0000000519, temp, 49.200, firstframe, 003.074, 16frames_time, 097.773, imgproc_time, 093.697, 
index, 0000000520, temp, 49.200, firstframe, 004.920, 16frames_time, 099.271, imgproc_time, 093.696, 
index, 0000000521, temp, 49.200, firstframe, 007.123, 16frames_time, 101.133, imgproc_time, 094.670, 
index, 0000000522, temp, 49.200, firstframe, 002.940, 16frames_time, 096.510, imgproc_time, 095.649, 
index, 0000000523, temp, 49.200, firstframe, 004.882, 16frames_time, 099.571, imgproc_time, 093.696, 
index, 0000000524, temp, 49.200, firstframe, 007.140, 16frames_time, 101.464, imgproc_time, 095.674, 
index, 0000000525, temp, 49.200, firstframe, 002.892, 16frames_time, 097.172, imgproc_time, 093.750, 
index, 0000000526, temp, 49.200, firstframe, 004.076, 16frames_time, 098.446, imgproc_time, 094.682, 
index, 0000000527, temp, 49.200, firstframe, 007.542, 16frames_time, 101.527, imgproc_time, 094.687, 
index, 0000000528, temp, 49.200, firstframe, 003.049, 16frames_time, 098.108, imgproc_time, 095.650, 
index, 0000000529, temp, 49.200, firstframe, 006.213, 16frames_time, 100.773, imgproc_time, 094.697, 
index, 0000000530, temp, 49.200, firstframe, 002.013, 16frames_time, 096.626, imgproc_time, 094.671, 
index, 0000000531, temp, 49.200, firstframe, 003.907, 16frames_time, 098.345, imgproc_time, 093.697, 
index, 0000000532, temp, 49.200, firstframe, 005.407, 16frames_time, 100.042, imgproc_time, 096.623, 
index, 0000000533, temp, 49.200, firstframe, 001.946, 16frames_time, 096.260, imgproc_time, 094.678, 
index, 0000000534, temp, 49.200, firstframe, 003.940, 16frames_time, 098.563, imgproc_time, 093.700, 
index, 0000000535, temp, 49.200, firstframe, 005.856, 16frames_time, 100.799, imgproc_time, 095.678, 
index, 0000000536, temp, 49.200, firstframe, 001.957, 16frames_time, 096.325, imgproc_time, 093.703, 
index, 0000000537, temp, 49.200, firstframe, 004.788, 16frames_time, 098.663, imgproc_time, 095.652, 
index, 0000000538, temp, 49.200, firstframe, 006.231, 16frames_time, 100.311, imgproc_time, 095.654, 
index, 0000000539, temp, 49.200, firstframe, 002.928, 16frames_time, 097.904, imgproc_time, 093.699, 
index, 0000000540, temp, 49.200, firstframe, 004.947, 16frames_time, 099.166, imgproc_time, 095.618, 
index, 0000000541, temp, 49.200, firstframe, 006.897, 16frames_time, 101.194, imgproc_time, 094.683, 
index, 0000000542, temp, 49.200, firstframe, 001.865, 16frames_time, 097.519, imgproc_time, 095.647, 
index, 0000000543, temp, 49.200, firstframe, 004.880, 16frames_time, 098.785, imgproc_time, 094.673, 
index, 0000000544, temp, 49.200, firstframe, 006.926, 16frames_time, 101.233, imgproc_time, 098.579, 
index, 0000000545, temp, 49.200, firstframe, 002.976, 16frames_time, 096.896, imgproc_time, 094.674, 
index, 0000000546, temp, 49.200, firstframe, 004.792, 16frames_time, 098.755, imgproc_time, 094.682, 
index, 0000000547, temp, 49.200, firstframe, 000.998, 16frames_time, 095.749, imgproc_time, 094.689, 
index, 0000000548, temp, 49.200, firstframe, 003.885, 16frames_time, 098.304, imgproc_time, 094.674, 
index, 0000000549, temp, 49.200, firstframe, 006.296, 16frames_time, 100.325, imgproc_time, 094.672, 
index, 0000000550, temp, 49.200, firstframe, 001.952, 16frames_time, 097.239, imgproc_time, 091.787, 
index, 0000000551, temp, 49.200, firstframe, 004.883, 16frames_time, 099.970, imgproc_time, 094.700, 
index, 0000000552, temp, 49.200, firstframe, 001.924, 16frames_time, 095.671, imgproc_time, 093.695, 
index, 0000000553, temp, 49.200, firstframe, 002.933, 16frames_time, 098.148, imgproc_time, 092.719, 
index, 0000000554, temp, 49.200, firstframe, 006.295, 16frames_time, 099.734, imgproc_time, 095.650, 
index, 0000000555, temp, 49.200, firstframe, 006.877, 16frames_time, 101.949, imgproc_time, 094.697, 
index, 0000000556, temp, 49.200, firstframe, 003.104, 16frames_time, 097.907, imgproc_time, 093.696, 
index, 0000000557, temp, 49.200, firstframe, 004.882, 16frames_time, 099.253, imgproc_time, 094.671, 
index, 0000000558, temp, 49.200, firstframe, 007.310, 16frames_time, 101.725, imgproc_time, 094.671, 
index, 0000000559, temp, 49.200, firstframe, 003.053, 16frames_time, 097.187, imgproc_time, 093.698, 
index, 0000000560, temp, 49.200, firstframe, 004.826, 16frames_time, 099.469, imgproc_time, 095.649, 
index, 0000000561, temp, 49.200, firstframe, 007.356, 16frames_time, 101.391, imgproc_time, 093.699, 
index, 0000000562, temp, 49.200, firstframe, 002.835, 16frames_time, 097.310, imgproc_time, 093.696, 
index, 0000000563, temp, 49.200, firstframe, 005.300, 16frames_time, 098.900, imgproc_time, 093.696, 
index, 0000000564, temp, 49.200, firstframe, 001.864, 16frames_time, 095.816, imgproc_time, 093.698, 
index, 0000000565, temp, 49.200, firstframe, 003.808, 16frames_time, 098.470, imgproc_time, 093.705, 
index, 0000000566, temp, 49.200, firstframe, 006.084, 16frames_time, 100.462, imgproc_time, 092.720, 
index, 0000000567, temp, 49.200, firstframe, 001.864, 16frames_time, 096.305, imgproc_time, 095.648, 
index, 0000000568, temp, 49.200, firstframe, 002.840, 16frames_time, 097.453, imgproc_time, 094.656, 
index, 0000000569, temp, 49.200, firstframe, 005.810, 16frames_time, 099.551, imgproc_time, 093.695, 
index, 0000000570, temp, 49.200, firstframe, 000.978, 16frames_time, 095.608, imgproc_time, 092.744, 
index, 0000000571, temp, 49.200, firstframe, 003.110, 16frames_time, 097.594, imgproc_time, 094.674, 
index, 0000000572, temp, 49.200, firstframe, 006.968, 16frames_time, 101.532, imgproc_time, 094.788, 
index, 0000000573, temp, 49.200, firstframe, 000.968, 16frames_time, 096.153, imgproc_time, 095.647, 
index, 0000000574, temp, 49.200, firstframe, 005.247, 16frames_time, 099.597, imgproc_time, 101.505, 
index, 0000000575, temp, 49.200, firstframe, 007.215, 16frames_time, 101.313, imgproc_time, 095.679, 
index, 0000000576, temp, 49.200, firstframe, 003.182, 16frames_time, 097.251, imgproc_time, 094.674, 
index, 0000000577, temp, 49.200, firstframe, 004.125, 16frames_time, 099.510, imgproc_time, 095.650, 
index, 0000000578, temp, 49.200, firstframe, 001.864, 16frames_time, 096.267, imgproc_time, 095.647, 
index, 0000000579, temp, 49.200, firstframe, 003.119, 16frames_time, 097.560, imgproc_time, 095.676, 
index, 0000000580, temp, 49.200, firstframe, 005.227, 16frames_time, 099.429, imgproc_time, 096.653, 
index, 0000000581, temp, 49.200, firstframe, 007.139, 16frames_time, 101.357, imgproc_time, 095.676, 
index, 0000000582, temp, 49.200, firstframe, 003.077, 16frames_time, 097.655, imgproc_time, 094.700, 
index, 0000000583, temp, 49.200, firstframe, 005.858, 16frames_time, 100.818, imgproc_time, 095.676, 
index, 0000000584, temp, 49.200, firstframe, 000.952, 16frames_time, 096.451, imgproc_time, 097.600, 
index, 0000000585, temp, 49.200, firstframe, 003.967, 16frames_time, 099.046, imgproc_time, 096.624, 
index, 0000000586, temp, 49.200, firstframe, 006.328, 16frames_time, 100.514, imgproc_time, 096.624, 
index, 0000000587, temp, 49.200, firstframe, 001.952, 16frames_time, 096.052, imgproc_time, 097.604, 
index, 0000000588, temp, 49.200, firstframe, 003.923, 16frames_time, 097.770, imgproc_time, 096.659, 
index, 0000000589, temp, 49.200, firstframe, 006.353, 16frames_time, 100.350, imgproc_time, 097.629, 
index, 0000000590, temp, 49.200, firstframe, 001.968, 16frames_time, 096.897, imgproc_time, 095.651, 
index, 0000000591, temp, 49.200, firstframe, 003.891, 16frames_time, 099.024, imgproc_time, 098.576, 
index, 0000000592, temp, 49.200, firstframe, 005.884, 16frames_time, 100.583, imgproc_time, 097.627, 
index, 0000000593, temp, 49.200, firstframe, 001.864, 16frames_time, 096.823, imgproc_time, 095.681, 
index, 0000000594, temp, 49.200, firstframe, 004.206, 16frames_time, 098.680, imgproc_time, 099.552, 
index, 0000000595, temp, 49.200, firstframe, 006.902, 16frames_time, 101.394, imgproc_time, 098.575, 
index, 0000000596, temp, 49.200, firstframe, 002.929, 16frames_time, 097.201, imgproc_time, 096.632, 
index, 0000000597, temp, 49.200, firstframe, 004.916, 16frames_time, 099.151, imgproc_time, 096.626, 
index, 0000000598, temp, 49.200, firstframe, 007.212, 16frames_time, 101.315, imgproc_time, 097.598, 
index, 0000000599, temp, 49.200, firstframe, 002.959, 16frames_time, 097.534, imgproc_time, 097.601, 
index, 0000000600, temp, 49.200, firstframe, 005.292, 16frames_time, 099.700, imgproc_time, 097.621, 
index, 0000000601, temp, 49.200, firstframe, 000.887, 16frames_time, 095.611, imgproc_time, 097.627, 
index, 0000000602, temp, 49.200, firstframe, 004.151, 16frames_time, 097.678, imgproc_time, 097.635, 
index, 0000000603, temp, 49.200, firstframe, 005.337, 16frames_time, 101.053, imgproc_time, 097.599, 
index, 0000000604, temp, 49.200, firstframe, 001.952, 16frames_time, 096.573, imgproc_time, 096.626, 
index, 0000000605, temp, 49.200, firstframe, 004.241, 16frames_time, 097.827, imgproc_time, 099.555, 
index, 0000000606, temp, 49.200, firstframe, 005.141, 16frames_time, 101.097, imgproc_time, 096.623, 
index, 0000000607, temp, 49.200, firstframe, 001.917, 16frames_time, 096.216, imgproc_time, 097.604, 
index, 0000000608, temp, 49.200, firstframe, 002.939, 16frames_time, 098.453, imgproc_time, 095.678, 
index, 0000000609, temp, 49.200, firstframe, 005.951, 16frames_time, 099.610, imgproc_time, 096.625, 
index, 0000000610, temp, 49.200, firstframe, 002.009, 16frames_time, 095.029, imgproc_time, 096.623, 
index, 0000000611, temp, 49.200, firstframe, 004.087, 16frames_time, 098.153, imgproc_time, 096.674, 
index, 0000000612, temp, 49.200, firstframe, 005.875, 16frames_time, 100.459, imgproc_time, 096.624, 
index, 0000000613, temp, 49.200, firstframe, 000.978, 16frames_time, 095.159, imgproc_time, 096.601, 
index, 0000000614, temp, 49.200, firstframe, 003.907, 16frames_time, 098.193, imgproc_time, 095.650, 
index, 0000000615, temp, 49.200, firstframe, 006.490, 16frames_time, 100.791, imgproc_time, 096.625, 
index, 0000000616, temp, 49.200, firstframe, 001.955, 16frames_time, 096.781, imgproc_time, 096.624, 
index, 0000000617, temp, 49.200, firstframe, 003.906, 16frames_time, 098.608, imgproc_time, 095.648, 
index, 0000000618, temp, 49.200, firstframe, 005.073, 16frames_time, 099.986, imgproc_time, 095.676, 
index, 0000000619, temp, 49.200, firstframe, 000.987, 16frames_time, 095.965, imgproc_time, 096.652, 
index, 0000000620, temp, 49.200, firstframe, 004.123, 16frames_time, 098.717, imgproc_time, 094.700, 
index, 0000000621, temp, 49.200, firstframe, 006.862, 16frames_time, 101.614, imgproc_time, 095.650, 
index, 0000000622, temp, 49.200, firstframe, 001.949, 16frames_time, 095.732, imgproc_time, 096.627, 
index, 0000000623, temp, 49.200, firstframe, 003.914, 16frames_time, 098.096, imgproc_time, 094.700, 
index, 0000000624, temp, 49.200, firstframe, 006.254, 16frames_time, 101.183, imgproc_time, 094.697, 
index, 0000000625, temp, 49.200, firstframe, 001.952, 16frames_time, 096.973, imgproc_time, 095.652, 
index, 0000000626, temp, 49.200, firstframe, 004.835, 16frames_time, 099.804, imgproc_time, 095.682, 
index, 0000000627, temp, 49.200, firstframe, 007.084, 16frames_time, 100.966, imgproc_time, 096.624, 
index, 0000000628, temp, 49.200, firstframe, 002.910, 16frames_time, 096.257, imgproc_time, 097.601, 
index, 0000000629, temp, 49.200, firstframe, 005.290, 16frames_time, 099.727, imgproc_time, 093.696, 
index, 0000000630, temp, 49.200, firstframe, 007.300, 16frames_time, 101.005, imgproc_time, 096.625, 
index, 0000000631, temp, 49.200, firstframe, 002.918, 16frames_time, 096.843, imgproc_time, 097.629, 
index, 0000000632, temp, 49.200, firstframe, 005.092, 16frames_time, 099.378, imgproc_time, 095.647, 
index, 0000000633, temp, 49.200, firstframe, 007.147, 16frames_time, 100.946, imgproc_time, 095.682, 
index, 0000000634, temp, 49.200, firstframe, 001.904, 16frames_time, 096.865, imgproc_time, 095.660, 
index, 0000000635, temp, 49.200, firstframe, 004.789, 16frames_time, 099.503, imgproc_time, 094.672, 
index, 0000000636, temp, 49.200, firstframe, 007.445, 16frames_time, 101.279, imgproc_time, 095.647, 
index, 0000000637, temp, 49.200, firstframe, 002.836, 16frames_time, 096.782, imgproc_time, 096.624, 
index, 0000000638, temp, 49.200, firstframe, 004.032, 16frames_time, 098.683, imgproc_time, 098.575, 
index, 0000000639, temp, 49.200, firstframe, 007.023, 16frames_time, 101.302, imgproc_time, 096.625, 
index, 0000000640, temp, 49.200, firstframe, 002.928, 16frames_time, 097.972, imgproc_time, 095.650, 
index, 0000000641, temp, 49.200, firstframe, 004.299, 16frames_time, 099.853, imgproc_time, 095.671, 
index, 0000000642, temp, 49.200, firstframe, 007.166, 16frames_time, 101.892, imgproc_time, 095.711, 
index, 0000000643, temp, 49.200, firstframe, 003.905, 16frames_time, 097.617, imgproc_time, 094.723, 
index, 0000000644, temp, 49.200, firstframe, 005.218, 16frames_time, 100.868, imgproc_time, 096.632, 
index, 0000000645, temp, 49.200, firstframe, 000.978, 16frames_time, 095.463, imgproc_time, 096.654, 
index, 0000000646, temp, 49.200, firstframe, 004.131, 16frames_time, 098.812, imgproc_time, 094.672, 
index, 0000000647, temp, 49.200, firstframe, 006.987, 16frames_time, 100.786, imgproc_time, 095.648, 
index, 0000000648, temp, 49.200, firstframe, 002.951, 16frames_time, 097.361, imgproc_time, 095.649, 
index, 0000000649, temp, 49.200, firstframe, 004.200, 16frames_time, 099.707, imgproc_time, 096.623, 
index, 0000000650, temp, 49.200, firstframe, 000.979, 16frames_time, 096.318, imgproc_time, 096.663, 
index, 0000000651, temp, 49.200, firstframe, 002.948, 16frames_time, 098.243, imgproc_time, 094.673, 
index, 0000000652, temp, 49.200, firstframe, 005.859, 16frames_time, 099.740, imgproc_time, 095.653, 
index, 0000000653, temp, 49.200, firstframe, 001.954, 16frames_time, 095.625, imgproc_time, 093.699, 
index, 0000000654, temp, 49.200, firstframe, 003.058, 16frames_time, 097.392, imgproc_time, 095.655, 
index, 0000000655, temp, 49.200, firstframe, 005.201, 16frames_time, 099.721, imgproc_time, 096.625, 
index, 0000000656, temp, 49.200, firstframe, 007.151, 16frames_time, 101.614, imgproc_time, 095.649, 
index, 0000000657, temp, 49.200, firstframe, 002.838, 16frames_time, 096.717, imgproc_time, 094.676, 
index, 0000000658, temp, 49.200, firstframe, 005.136, 16frames_time, 099.545, imgproc_time, 097.602, 
index, 0000000659, temp, 49.200, firstframe, 001.851, 16frames_time, 096.161, imgproc_time, 094.701, 
index, 0000000660, temp, 49.200, firstframe, 003.954, 16frames_time, 097.802, imgproc_time, 095.679, 
index, 0000000661, temp, 49.200, firstframe, 005.878, 16frames_time, 100.134, imgproc_time, 100.541, 
index, 0000000662, temp, 49.200, firstframe, 000.947, 16frames_time, 096.224, imgproc_time, 093.725, 
index, 0000000663, temp, 49.200, firstframe, 003.998, 16frames_time, 098.196, imgproc_time, 094.672, 
index, 0000000664, temp, 49.200, firstframe, 005.851, 16frames_time, 100.825, imgproc_time, 094.698, 
index, 0000000665, temp, 49.200, firstframe, 000.975, 16frames_time, 096.498, imgproc_time, 094.673, 
index, 0000000666, temp, 49.200, firstframe, 003.875, 16frames_time, 098.408, imgproc_time, 097.600, 
index, 0000000667, temp, 49.200, firstframe, 005.902, 16frames_time, 100.346, imgproc_time, 096.623, 
index, 0000000668, temp, 49.200, firstframe, 000.976, 16frames_time, 096.636, imgproc_time, 094.701, 
index, 0000000669, temp, 49.200, firstframe, 004.033, 16frames_time, 098.274, imgproc_time, 093.700, 
index, 0000000670, temp, 49.200, firstframe, 007.143, 16frames_time, 101.087, imgproc_time, 094.671, 
index, 0000000671, temp, 49.200, firstframe, 003.176, 16frames_time, 097.586, imgproc_time, 093.710, 
index, 0000000672, temp, 49.200, firstframe, 005.048, 16frames_time, 099.740, imgproc_time, 094.671, 
index, 0000000673, temp, 49.200, firstframe, 006.832, 16frames_time, 101.031, imgproc_time, 093.668, 
index, 0000000674, temp, 49.200, firstframe, 001.984, 16frames_time, 096.792, imgproc_time, 097.600, 
index, 0000000675, temp, 49.200, firstframe, 005.239, 16frames_time, 100.222, imgproc_time, 093.717, 
index, 0000000676, temp, 49.200, firstframe, 007.130, 16frames_time, 101.104, imgproc_time, 097.600, 
index, 0000000677, temp, 49.200, firstframe, 002.863, 16frames_time, 097.919, imgproc_time, 093.696, 
index, 0000000678, temp, 49.200, firstframe, 005.189, 16frames_time, 099.698, imgproc_time, 093.696, 
index, 0000000679, temp, 49.200, firstframe, 006.895, 16frames_time, 102.125, imgproc_time, 094.700, 
index, 0000000680, temp, 49.200, firstframe, 001.952, 16frames_time, 097.362, imgproc_time, 094.674, 
index, 0000000681, temp, 49.200, firstframe, 005.768, 16frames_time, 099.802, imgproc_time, 111.264, 
index, 0000000682, temp, 49.200, firstframe, 001.017, 16frames_time, 096.462, imgproc_time, 093.697, 
index, 0000000683, temp, 49.200, firstframe, 003.973, 16frames_time, 098.734, imgproc_time, 094.673, 
index, 0000000684, temp, 49.200, firstframe, 005.874, 16frames_time, 101.043, imgproc_time, 093.725, 
index, 0000000685, temp, 49.200, firstframe, 001.955, 16frames_time, 096.956, imgproc_time, 094.677, 
index, 0000000686, temp, 49.200, firstframe, 004.042, 16frames_time, 098.208, imgproc_time, 095.650, 
index, 0000000687, temp, 49.200, firstframe, 005.917, 16frames_time, 100.311, imgproc_time, 094.672, 
index, 0000000688, temp, 49.200, firstframe, 001.864, 16frames_time, 096.360, imgproc_time, 095.649, 
index, 0000000689, temp, 49.200, firstframe, 003.933, 16frames_time, 098.548, imgproc_time, 093.694, 
index, 0000000690, temp, 49.200, firstframe, 005.874, 16frames_time, 100.928, imgproc_time, 094.675, 
index, 0000000691, temp, 49.200, firstframe, 001.949, 16frames_time, 095.936, imgproc_time, 094.673, 
index, 0000000692, temp, 49.200, firstframe, 003.957, 16frames_time, 098.824, imgproc_time, 094.692, 
index, 0000000693, temp, 49.200, firstframe, 006.088, 16frames_time, 101.451, imgproc_time, 094.680, 
index, 0000000694, temp, 49.200, firstframe, 001.916, 16frames_time, 096.568, imgproc_time, 095.678, 
index, 0000000695, temp, 49.200, firstframe, 005.136, 16frames_time, 099.828, imgproc_time, 095.649, 
index, 0000000696, temp, 49.200, firstframe, 006.983, 16frames_time, 101.477, imgproc_time, 095.647, 
index, 0000000697, temp, 49.200, firstframe, 003.056, 16frames_time, 096.960, imgproc_time, 093.720, 
index, 0000000698, temp, 49.200, firstframe, 004.989, 16frames_time, 100.741, imgproc_time, 096.629, 
index, 0000000699, temp, 49.200, firstframe, 006.767, 16frames_time, 102.024, imgproc_time, 094.676, 
index, 0000000700, temp, 49.200, firstframe, 003.149, 16frames_time, 097.742, imgproc_time, 093.696, 
index, 0000000701, temp, 49.200, firstframe, 005.342, 16frames_time, 100.451, imgproc_time, 095.648, 
index, 0000000702, temp, 49.200, firstframe, 001.952, 16frames_time, 096.452, imgproc_time, 093.699, 
index, 0000000703, temp, 49.200, firstframe, 004.118, 16frames_time, 099.136, imgproc_time, 094.701, 
index, 0000000704, temp, 49.200, firstframe, 006.123, 16frames_time, 100.995, imgproc_time, 095.649, 
index, 0000000705, temp, 49.200, firstframe, 002.837, 16frames_time, 096.261, imgproc_time, 093.724, 
index, 0000000706, temp, 49.200, firstframe, 005.114, 16frames_time, 098.995, imgproc_time, 097.743, 
index, 0000000707, temp, 49.200, firstframe, 001.860, 16frames_time, 095.101, imgproc_time, 094.669, 
index, 0000000708, temp, 49.200, firstframe, 003.861, 16frames_time, 097.475, imgproc_time, 094.671, 
index, 0000000709, temp, 49.200, firstframe, 005.987, 16frames_time, 101.491, imgproc_time, 094.682, 
index, 0000000710, temp, 49.200, firstframe, 001.952, 16frames_time, 095.814, imgproc_time, 094.700, 
index, 0000000711, temp, 49.200, firstframe, 004.044, 16frames_time, 098.430, imgproc_time, 094.671, 
index, 0000000712, temp, 49.200, firstframe, 004.883, 16frames_time, 099.491, imgproc_time, 095.676, 
index, 0000000713, temp, 49.200, firstframe, 001.922, 16frames_time, 096.747, imgproc_time, 093.725, 
index, 0000000714, temp, 49.200, firstframe, 003.958, 16frames_time, 098.659, imgproc_time, 095.628, 
index, 0000000715, temp, 49.200, firstframe, 006.902, 16frames_time, 099.920, imgproc_time, 095.682, 
index, 0000000716, temp, 49.200, firstframe, 002.966, 16frames_time, 096.758, imgproc_time, 095.699, 
index, 0000000717, temp, 49.200, firstframe, 004.225, 16frames_time, 098.932, imgproc_time, 094.672, 
index, 0000000718, temp, 49.200, firstframe, 006.188, 16frames_time, 101.556, imgproc_time, 095.648, 
index, 0000000719, temp, 49.200, firstframe, 002.147, 16frames_time, 096.026, imgproc_time, 093.698, 
index, 0000000720, temp, 49.200, firstframe, 004.143, 16frames_time, 097.922, imgproc_time, 095.648, 
index, 0000000721, temp, 49.200, firstframe, 006.082, 16frames_time, 100.410, imgproc_time, 094.674, 
index, 0000000722, temp, 49.200, firstframe, 001.923, 16frames_time, 096.685, imgproc_time, 095.650, 
index, 0000000723, temp, 49.200, firstframe, 004.240, 16frames_time, 098.187, imgproc_time, 094.673, 
index, 0000000724, temp, 49.200, firstframe, 005.981, 16frames_time, 101.242, imgproc_time, 095.709, 
index, 0000000725, temp, 49.200, firstframe, 001.914, 16frames_time, 096.956, imgproc_time, 094.672, 
index, 0000000726, temp, 49.200, firstframe, 004.047, 16frames_time, 097.641, imgproc_time, 093.697, 
index, 0000000727, temp, 49.200, firstframe, 006.355, 16frames_time, 101.475, imgproc_time, 095.648, 
index, 0000000728, temp, 49.200, firstframe, 000.976, 16frames_time, 095.841, imgproc_time, 097.601, 
index, 0000000729, temp, 49.200, firstframe, 002.842, 16frames_time, 098.103, imgproc_time, 095.647, 
index, 0000000730, temp, 49.200, firstframe, 005.816, 16frames_time, 100.752, imgproc_time, 093.724, 
index, 0000000731, temp, 49.200, firstframe, 001.951, 16frames_time, 096.201, imgproc_time, 097.602, 
index, 0000000732, temp, 49.200, firstframe, 003.966, 16frames_time, 098.320, imgproc_time, 094.707, 
index, 0000000733, temp, 49.200, firstframe, 006.055, 16frames_time, 099.988, imgproc_time, 096.632, 
index, 0000000734, temp, 49.200, firstframe, 001.951, 16frames_time, 096.360, imgproc_time, 095.648, 
index, 0000000735, temp, 49.200, firstframe, 004.066, 16frames_time, 098.152, imgproc_time, 096.626, 
index, 0000000736, temp, 49.200, firstframe, 006.104, 16frames_time, 099.958, imgproc_time, 094.672, 
index, 0000000737, temp, 49.200, firstframe, 001.863, 16frames_time, 095.826, imgproc_time, 094.676, 
index, 0000000738, temp, 49.200, firstframe, 003.888, 16frames_time, 098.167, imgproc_time, 093.696, 
index, 0000000739, temp, 49.200, firstframe, 006.048, 16frames_time, 100.722, imgproc_time, 094.700, 
index, 0000000740, temp, 49.200, firstframe, 000.967, 16frames_time, 095.487, imgproc_time, 094.701, 
index, 0000000741, temp, 49.200, firstframe, 003.142, 16frames_time, 098.239, imgproc_time, 093.698, 
index, 0000000742, temp, 49.200, firstframe, 006.331, 16frames_time, 100.450, imgproc_time, 094.679, 
index, 0000000743, temp, 49.200, firstframe, 001.948, 16frames_time, 096.489, imgproc_time, 094.676, 
index, 0000000744, temp, 49.200, firstframe, 004.085, 16frames_time, 098.507, imgproc_time, 094.676, 
index, 0000000745, temp, 49.200, firstframe, 005.158, 16frames_time, 100.954, imgproc_time, 095.680, 
index, 0000000746, temp, 49.200, firstframe, 001.919, 16frames_time, 095.854, imgproc_time, 095.668, 
index, 0000000747, temp, 49.200, firstframe, 003.902, 16frames_time, 098.331, imgproc_time, 093.695, 
index, 0000000748, temp, 49.200, firstframe, 007.268, 16frames_time, 100.902, imgproc_time, 095.674, 
index, 0000000749, temp, 49.200, firstframe, 001.955, 16frames_time, 097.490, imgproc_time, 094.697, 
index, 0000000750, temp, 49.200, firstframe, 005.238, 16frames_time, 099.669, imgproc_time, 095.649, 
index, 0000000751, temp, 49.200, firstframe, 007.103, 16frames_time, 100.942, imgproc_time, 098.576, 
index, 0000000752, temp, 49.200, firstframe, 002.838, 16frames_time, 096.864, imgproc_time, 094.672, 
index, 0000000753, temp, 49.200, firstframe, 005.243, 16frames_time, 099.871, imgproc_time, 093.696, 
index, 0000000754, temp, 49.200, firstframe, 007.149, 16frames_time, 101.902, imgproc_time, 093.703, 
index, 0000000755, temp, 49.200, firstframe, 003.150, 16frames_time, 097.528, imgproc_time, 094.674, 
index, 0000000756, temp, 49.200, firstframe, 004.880, 16frames_time, 098.915, imgproc_time, 093.697, 
index, 0000000757, temp, 49.200, firstframe, 006.098, 16frames_time, 101.008, imgproc_time, 094.672, 
index, 0000000758, temp, 49.200, firstframe, 001.955, 16frames_time, 096.853, imgproc_time, 092.719, 
index, 0000000759, temp, 49.200, firstframe, 003.904, 16frames_time, 098.506, imgproc_time, 093.724, 
index, 0000000760, temp, 49.200, firstframe, 006.042, 16frames_time, 100.764, imgproc_time, 093.713, 
index, 0000000761, temp, 49.200, firstframe, 001.955, 16frames_time, 097.178, imgproc_time, 093.696, 
index, 0000000762, temp, 49.200, firstframe, 005.012, 16frames_time, 099.184, imgproc_time, 093.695, 
index, 0000000763, temp, 49.200, firstframe, 006.831, 16frames_time, 101.730, imgproc_time, 094.731, 
index, 0000000764, temp, 49.200, firstframe, 002.965, 16frames_time, 097.870, imgproc_time, 092.744, 
index, 0000000765, temp, 49.200, firstframe, 005.188, 16frames_time, 100.310, imgproc_time, 097.599, 
index, 0000000766, temp, 49.200, firstframe, 007.209, 16frames_time, 102.343, imgproc_time, 094.681, 
index, 0000000767, temp, 49.200, firstframe, 003.145, 16frames_time, 097.046, imgproc_time, 094.703, 
index, 0000000768, temp, 49.200, firstframe, 004.875, 16frames_time, 099.569, imgproc_time, 093.700, 
index, 0000000769, temp, 49.200, firstframe, 000.976, 16frames_time, 096.199, imgproc_time, 093.700, 
index, 0000000770, temp, 49.200, firstframe, 004.220, 16frames_time, 099.190, imgproc_time, 095.647, 
index, 0000000771, temp, 49.200, firstframe, 007.182, 16frames_time, 101.489, imgproc_time, 093.700, 
index, 0000000772, temp, 49.200, firstframe, 002.921, 16frames_time, 097.456, imgproc_time, 095.647, 
index, 0000000773, temp, 49.200, firstframe, 004.947, 16frames_time, 099.884, imgproc_time, 094.671, 
index, 0000000774, temp, 49.200, firstframe, 007.530, 16frames_time, 101.844, imgproc_time, 092.763, 
index, 0000000775, temp, 49.200, firstframe, 004.057, 16frames_time, 097.561, imgproc_time, 094.674, 
index, 0000000776, temp, 49.200, firstframe, 005.363, 16frames_time, 100.850, imgproc_time, 093.697, 
index, 0000000777, temp, 49.200, firstframe, 001.952, 16frames_time, 096.907, imgproc_time, 092.720, 
index, 0000000778, temp, 49.200, firstframe, 004.153, 16frames_time, 098.801, imgproc_time, 093.747, 
index, 0000000779, temp, 49.200, firstframe, 006.390, 16frames_time, 100.706, imgproc_time, 093.773, 
index, 0000000780, temp, 49.200, firstframe, 002.993, 16frames_time, 097.073, imgproc_time, 093.696, 
index, 0000000781, temp, 49.200, firstframe, 003.994, 16frames_time, 099.177, imgproc_time, 095.676, 
index, 0000000782, temp, 49.200, firstframe, 006.864, 16frames_time, 101.156, imgproc_time, 095.656, 
index, 0000000783, temp, 49.200, firstframe, 002.941, 16frames_time, 097.718, imgproc_time, 093.699, 
index, 0000000784, temp, 49.200, firstframe, 004.787, 16frames_time, 099.069, imgproc_time, 094.700, 
index, 0000000785, temp, 49.200, firstframe, 007.122, 16frames_time, 101.838, imgproc_time, 092.722, 
index, 0000000786, temp, 49.200, firstframe, 002.928, 16frames_time, 097.431, imgproc_time, 094.672, 
index, 0000000787, temp, 49.200, firstframe, 005.881, 16frames_time, 099.924, imgproc_time, 095.675, 
index, 0000000788, temp, 49.200, firstframe, 001.952, 16frames_time, 095.734, imgproc_time, 095.678, 
index, 0000000789, temp, 49.200, firstframe, 003.922, 16frames_time, 098.067, imgproc_time, 095.739, 
index, 0000000790, temp, 49.200, firstframe, 005.865, 16frames_time, 101.011, imgproc_time, 094.697, 
index, 0000000791, temp, 49.200, firstframe, 001.953, 16frames_time, 097.293, imgproc_time, 094.710, 
index, 0000000792, temp, 49.200, firstframe, 004.984, 16frames_time, 099.626, imgproc_time, 094.680, 
index, 0000000793, temp, 49.200, firstframe, 007.129, 16frames_time, 101.319, imgproc_time, 094.671, 
index, 0000000794, temp, 49.200, firstframe, 002.902, 16frames_time, 098.237, imgproc_time, 093.732, 
index, 0000000795, temp, 49.200, firstframe, 005.197, 16frames_time, 099.331, imgproc_time, 095.647, 
index, 0000000796, temp, 49.200, firstframe, 001.948, 16frames_time, 095.952, imgproc_time, 094.670, 
index, 0000000797, temp, 49.200, firstframe, 003.107, 16frames_time, 098.437, imgproc_time, 095.651, 
index, 0000000798, temp, 49.200, firstframe, 006.197, 16frames_time, 100.553, imgproc_time, 095.648, 
index, 0000000799, temp, 49.200, firstframe, 001.967, 16frames_time, 096.290, imgproc_time, 094.702, 
index, 0000000800, temp, 49.200, firstframe, 004.865, 16frames_time, 098.871, imgproc_time, 093.696, 
index, 0000000801, temp, 49.200, firstframe, 006.235, 16frames_time, 101.236, imgproc_time, 096.652, 
index, 0000000802, temp, 49.200, firstframe, 003.028, 16frames_time, 097.632, imgproc_time, 093.696, 
index, 0000000803, temp, 49.200, firstframe, 004.983, 16frames_time, 099.408, imgproc_time, 094.677, 
index, 0000000804, temp, 49.200, firstframe, 001.863, 16frames_time, 095.483, imgproc_time, 094.702, 
index, 0000000805, temp, 49.200, firstframe, 004.092, 16frames_time, 098.481, imgproc_time, 093.765, 
index, 0000000806, temp, 49.200, firstframe, 005.992, 16frames_time, 100.488, imgproc_time, 094.697, 
index, 0000000807, temp, 49.200, firstframe, 001.856, 16frames_time, 096.731, imgproc_time, 100.530, 
index, 0000000808, temp, 49.200, firstframe, 004.070, 16frames_time, 098.117, imgproc_time, 096.624, 
index, 0000000809, temp, 49.200, firstframe, 005.803, 16frames_time, 099.636, imgproc_time, 097.635, 
index, 0000000810, temp, 49.200, firstframe, 001.861, 16frames_time, 095.507, imgproc_time, 097.599, 
index, 0000000811, temp, 49.200, firstframe, 004.178, 16frames_time, 098.457, imgproc_time, 094.682, 
index, 0000000812, temp, 49.200, firstframe, 005.885, 16frames_time, 101.481, imgproc_time, 095.658, 
index, 0000000813, temp, 49.200, firstframe, 002.971, 16frames_time, 096.767, imgproc_time, 094.675, 
index, 0000000814, temp, 49.200, firstframe, 005.049, 16frames_time, 099.966, imgproc_time, 098.576, 
index, 0000000815, temp, 49.200, firstframe, 000.972, 16frames_time, 096.281, imgproc_time, 094.673, 
index, 0000000816, temp, 49.200, firstframe, 003.010, 16frames_time, 098.352, imgproc_time, 095.649, 
index, 0000000817, temp, 49.200, firstframe, 004.913, 16frames_time, 099.355, imgproc_time, 096.651, 
